
[{"fields": {"email_address": 2, "key": "23d7c518b0669f71b5c0ce13a93982bb2c30814fe36c4fe194796c1f93e8fbe3", "sent": "2017-03-05T14:16:30.058Z", "created": "2017-03-05T14:14:17.008Z"}, "model": "account.emailconfirmation", "pk": 1}, {"fields": {"email_address": 3, "key": "9ed414f9a66128da92c9e69c51c473a164b274ace8dd1b671a3d7d77a6631bcf", "sent": "2017-03-05T15:22:09.679Z", "created": "2017-03-05T15:21:08.722Z"}, "model": "account.emailconfirmation", "pk": 2}, {"fields": {"email_address": 4, "key": "4e27aeff4bd8502afe2dbeda18feaa14cd37c316e4069093b6113d3a1328f0b8", "sent": "2017-03-05T16:16:23.058Z", "created": "2017-03-05T15:21:08.722Z"}, "model": "account.emailconfirmation", "pk": 3}, {"fields": {"email_address": 6, "key": "8ed1bfdc59477b70084b83c3406f43ee165ddca87de58be0451c4f69cb7c78e7", "sent": "2017-04-26T15:19:20.900Z", "created": "2017-04-26T14:56:58.759Z"}, "model": "account.emailconfirmation", "pk": 4}, {"fields": {"h_odds3": "0.00", "home_team_PN": false, "nlp_away_team_odds": "1.30", "a_odds1": "0.00", "a_odds3": "0.00", "a_odds2": "0.00", "a_odds5": "0.00", "a_odds4": "0.00", "a_odds7": "0.00", "big_odds": "1.30", "let_point_number": "6.50", "a_odds8": "0.00", "h_odds1": "0.00", "h_odds2": "0.00", "nlp_home_team_odds": "1.20", "h_odds4": "0.00", "h_odds5": "0.00", "h_odds6": "0.00", "h_odds7": "0.00", "h_odds8": "0.00", "h_odds9": "0.00", "a_odds6": "0.00", "a_odds9": "0.00", "game": 408, "lp_away_team_odds": "1.30", "small_odds": "1.40", "big_small_point_number": "6.50", "lp_home_team_odds": "1.20"}, "model": "betting.betting", "pk": 4}, {"fields": {"h_odds3": "0.00", "home_team_PN": false, "nlp_away_team_odds": "2.50", "a_odds1": "0.00", "a_odds3": "0.00", "a_odds2": "0.00", "a_odds5": "0.00", "a_odds4": "0.00", "a_odds7": "0.00", "big_odds": "1.50", "let_point_number": "4.50", "a_odds8": "0.00", "h_odds1": "0.00", "h_odds2": "0.00", "nlp_home_team_odds": "2.60", "h_odds4": "0.00", "h_odds5": "0.00", "h_odds6": "0.00", "h_odds7": "0.00", "h_odds8": "0.00", "h_odds9": "0.00", "a_odds6": "0.00", "a_odds9": "0.00", "game": 417, "lp_away_team_odds": "2.40", "small_odds": "2.50", "big_small_point_number": "8.50", "lp_home_team_odds": "2.50"}, "model": "betting.betting", "pk": 5}, {"fields": {"h_odds3": "0.00", "home_team_PN": true, "nlp_away_team_odds": "2.70", "a_odds1": "0.00", "a_odds3": "0.00", "a_odds2": "0.00", "a_odds5": "0.00", "a_odds4": "0.00", "a_odds7": "0.00", "big_odds": "2.50", "let_point_number": "5.50", "a_odds8": "0.00", "h_odds1": "0.00", "h_odds2": "0.00", "nlp_home_team_odds": "2.60", "h_odds4": "0.00", "h_odds5": "0.00", "h_odds6": "0.00", "h_odds7": "0.00", "h_odds8": "0.00", "h_odds9": "0.00", "a_odds6": "0.00", "a_odds9": "0.00", "game": 418, "lp_away_team_odds": "2.50", "small_odds": "2.60", "big_small_point_number": "9.50", "lp_home_team_odds": "4.50"}, "model": "betting.betting", "pk": 6}, {"fields": {"_description_rendered": "<p>hi</p>", "rght": 2, "updated": "2017-04-27T01:56:43.047Z", "display_sub_forum_list": true, "link_redirects": false, "description": "hi", "parent": null, "created": "2017-04-05T14:16:42.272Z", "image": "", "level": 0, "last_post_on": "2017-04-27T01:56:42.847Z", "lft": 1, "link_redirects_count": 0, "link": "", "tree_id": 1, "topics_count": 8, "posts_count": 11, "type": 0, "slug": "elephant", "name": "Elephant"}, "model": "forum.forum", "pk": 1}, {"fields": {"is_local": true, "codename": "can_see_forum", "is_global": true, "name": "Can see forum"}, "model": "forum_permission.forumpermission", "pk": 1}, {"fields": {"is_local": true, "codename": "can_read_forum", "is_global": true, "name": "Can read forum"}, "model": "forum_permission.forumpermission", "pk": 2}, {"fields": {"is_local": true, "codename": "can_start_new_topics", "is_global": true, "name": "Can start new topics"}, "model": "forum_permission.forumpermission", "pk": 3}, {"fields": {"is_local": true, "codename": "can_reply_to_topics", "is_global": true, "name": "Can reply to topics"}, "model": "forum_permission.forumpermission", "pk": 4}, {"fields": {"is_local": true, "codename": "can_post_announcements", "is_global": true, "name": "Can post announcements"}, "model": "forum_permission.forumpermission", "pk": 5}, {"fields": {"is_local": true, "codename": "can_post_stickies", "is_global": true, "name": "Can post stickies"}, "model": "forum_permission.forumpermission", "pk": 6}, {"fields": {"is_local": true, "codename": "can_delete_own_posts", "is_global": true, "name": "Can delete own posts"}, "model": "forum_permission.forumpermission", "pk": 7}, {"fields": {"is_local": true, "codename": "can_edit_own_posts", "is_global": true, "name": "Can edit own posts"}, "model": "forum_permission.forumpermission", "pk": 8}, {"fields": {"is_local": true, "codename": "can_post_without_approval", "is_global": true, "name": "Can post without approval"}, "model": "forum_permission.forumpermission", "pk": 9}, {"fields": {"is_local": true, "codename": "can_create_polls", "is_global": true, "name": "Can create polls"}, "model": "forum_permission.forumpermission", "pk": 10}, {"fields": {"is_local": true, "codename": "can_vote_in_polls", "is_global": true, "name": "Can vote in polls"}, "model": "forum_permission.forumpermission", "pk": 11}, {"fields": {"is_local": true, "codename": "can_attach_file", "is_global": true, "name": "Can attach file"}, "model": "forum_permission.forumpermission", "pk": 12}, {"fields": {"is_local": true, "codename": "can_download_file", "is_global": true, "name": "Can download file"}, "model": "forum_permission.forumpermission", "pk": 13}, {"fields": {"is_local": true, "codename": "can_lock_topics", "is_global": false, "name": "Can lock topics"}, "model": "forum_permission.forumpermission", "pk": 14}, {"fields": {"is_local": true, "codename": "can_move_topics", "is_global": false, "name": "Can move topics"}, "model": "forum_permission.forumpermission", "pk": 15}, {"fields": {"is_local": true, "codename": "can_edit_posts", "is_global": false, "name": "Can edit posts"}, "model": "forum_permission.forumpermission", "pk": 16}, {"fields": {"is_local": true, "codename": "can_delete_posts", "is_global": false, "name": "Can delete posts"}, "model": "forum_permission.forumpermission", "pk": 17}, {"fields": {"is_local": true, "codename": "can_approve_posts", "is_global": false, "name": "Can approve posts"}, "model": "forum_permission.forumpermission", "pk": 18}, {"fields": {"is_local": true, "codename": "can_reply_to_locked_topics", "is_global": false, "name": "Can add posts in locked topics"}, "model": "forum_permission.forumpermission", "pk": 19}, {"fields": {"updated": "2017-04-05T14:18:30.572Z", "created": "2017-04-05T14:18:30.361Z", "question": "", "topic": 1, "max_options": 1, "duration": 0, "user_changes": false}, "model": "forum_polls.topicpoll", "pk": 1}, {"fields": {"updated": "2017-04-05T14:19:20.413Z", "created": "2017-04-05T14:19:20.305Z", "question": "", "topic": 2, "max_options": 1, "duration": 0, "user_changes": false}, "model": "forum_polls.topicpoll", "pk": 2}, {"fields": {"updated": "2017-04-05T14:21:54.012Z", "created": "2017-04-05T14:21:53.932Z", "question": "", "topic": 3, "max_options": 1, "duration": 0, "user_changes": false}, "model": "forum_polls.topicpoll", "pk": 3}, {"fields": {"updated": "2017-04-05T14:23:23.586Z", "created": "2017-04-05T14:23:23.440Z", "question": "", "topic": 4, "max_options": 1, "duration": 0, "user_changes": false}, "model": "forum_polls.topicpoll", "pk": 4}, {"fields": {"updated": "2017-04-05T14:24:44.595Z", "created": "2017-04-05T14:24:44.520Z", "question": "", "topic": 5, "max_options": 1, "duration": 0, "user_changes": false}, "model": "forum_polls.topicpoll", "pk": 5}, {"fields": {"updated": "2017-04-05T14:33:00.707Z", "created": "2017-04-05T14:32:03.875Z", "question": "", "topic": 6, "max_options": 1, "duration": 0, "user_changes": false}, "model": "forum_polls.topicpoll", "pk": 6}, {"fields": {"updated": "2017-04-05T14:37:15.647Z", "created": "2017-04-05T14:37:15.567Z", "question": "who will win ????", "topic": 7, "max_options": 1, "duration": 10, "user_changes": false}, "model": "forum_polls.topicpoll", "pk": 7}, {"fields": {"updated": "2017-04-27T01:56:43.212Z", "created": "2017-04-27T01:56:43.132Z", "question": "", "topic": 8, "max_options": 1, "duration": 0, "user_changes": false}, "model": "forum_polls.topicpoll", "pk": 8}, {"fields": {"text": "Lion", "poll": 7}, "model": "forum_polls.topicpolloption", "pk": 1}, {"fields": {"text": "Elephant", "poll": 7}, "model": "forum_polls.topicpolloption", "pk": 2}, {"fields": {"home_team": 4, "away_team": 1, "winner": null, "game_no": 43, "stadium": "\u65b0\u838a", "date": "2017-04-25T10:35:00Z", "away_team_score": 8, "home_team_score": 8}, "model": "game.game", "pk": 4}, {"fields": {"home_team": 3, "away_team": 1, "winner": false, "game_no": 41, "stadium": "\u6843\u5712", "date": "2017-04-23T09:40:00Z", "away_team_score": 9, "home_team_score": 8}, "model": "game.game", "pk": 5}, {"fields": {"home_team": 3, "away_team": 1, "winner": false, "game_no": 37, "stadium": "\u6843\u5712", "date": "2017-04-23T05:05:00Z", "away_team_score": 5, "home_team_score": 4}, "model": "game.game", "pk": 6}, {"fields": {"home_team": 3, "away_team": 1, "winner": true, "game_no": 39, "stadium": "\u6843\u5712", "date": "2017-04-22T09:19:00Z", "away_team_score": 4, "home_team_score": 6}, "model": "game.game", "pk": 7}, {"fields": {"home_team": 1, "away_team": 2, "winner": false, "game_no": 36, "stadium": "\u65b0\u838a", "date": "2017-04-20T10:35:00Z", "away_team_score": 9, "home_team_score": 7}, "model": "game.game", "pk": 8}, {"fields": {"home_team": 1, "away_team": 2, "winner": false, "game_no": 34, "stadium": "\u65b0\u838a", "date": "2017-04-19T10:35:00Z", "away_team_score": 9, "home_team_score": 4}, "model": "game.game", "pk": 9}, {"fields": {"home_team": 1, "away_team": 3, "winner": true, "game_no": 31, "stadium": "\u6d32\u969b", "date": "2017-04-16T09:08:00Z", "away_team_score": 7, "home_team_score": 11}, "model": "game.game", "pk": 10}, {"fields": {"home_team": 1, "away_team": 3, "winner": false, "game_no": 29, "stadium": "\u6d32\u969b", "date": "2017-04-15T09:05:00Z", "away_team_score": 4, "home_team_score": 2}, "model": "game.game", "pk": 11}, {"fields": {"home_team": 1, "away_team": 3, "winner": true, "game_no": 27, "stadium": "\u6d32\u969b", "date": "2017-04-14T10:36:00Z", "away_team_score": 4, "home_team_score": 5}, "model": "game.game", "pk": 12}, {"fields": {"home_team": 2, "away_team": 1, "winner": true, "game_no": 26, "stadium": "\u6597\u516d", "date": "2017-04-13T10:33:00Z", "away_team_score": 3, "home_team_score": 4}, "model": "game.game", "pk": 13}, {"fields": {"home_team": 2, "away_team": 1, "winner": false, "game_no": 24, "stadium": "\u6f84\u6e05\u6e56", "date": "2017-04-11T10:34:00Z", "away_team_score": 10, "home_team_score": 2}, "model": "game.game", "pk": 14}, {"fields": {"home_team": 4, "away_team": 1, "winner": true, "game_no": 23, "stadium": "\u65b0\u838a", "date": "2017-04-09T09:05:00Z", "away_team_score": 5, "home_team_score": 6}, "model": "game.game", "pk": 15}, {"fields": {"home_team": 4, "away_team": 1, "winner": false, "game_no": 21, "stadium": "\u65b0\u838a", "date": "2017-04-08T09:05:00Z", "away_team_score": 9, "home_team_score": 7}, "model": "game.game", "pk": 16}, {"fields": {"home_team": 4, "away_team": 1, "winner": false, "game_no": 19, "stadium": "\u65b0\u838a", "date": "2017-04-07T10:34:00Z", "away_team_score": 9, "home_team_score": 4}, "model": "game.game", "pk": 17}, {"fields": {"home_team": 3, "away_team": 1, "winner": true, "game_no": 17, "stadium": "\u6843\u5712", "date": "2017-04-06T10:35:00Z", "away_team_score": 3, "home_team_score": 4}, "model": "game.game", "pk": 18}, {"fields": {"home_team": 3, "away_team": 1, "winner": true, "game_no": 15, "stadium": "\u6843\u5712", "date": "2017-04-05T10:35:00Z", "away_team_score": 7, "home_team_score": 8}, "model": "game.game", "pk": 19}, {"fields": {"home_team": 1, "away_team": 2, "winner": false, "game_no": 13, "stadium": "\u65b0\u838a", "date": "2017-04-02T09:59:00Z", "away_team_score": 11, "home_team_score": 6}, "model": "game.game", "pk": 20}, {"fields": {"home_team": 1, "away_team": 2, "winner": false, "game_no": 9, "stadium": "\u65b0\u838a", "date": "2017-04-02T05:04:00Z", "away_team_score": 7, "home_team_score": 4}, "model": "game.game", "pk": 21}, {"fields": {"home_team": 1, "away_team": 2, "winner": false, "game_no": 11, "stadium": "\u65b0\u838a", "date": "2017-04-01T09:04:00Z", "away_team_score": 9, "home_team_score": 1}, "model": "game.game", "pk": 22}, {"fields": {"home_team": 1, "away_team": 4, "winner": true, "game_no": 7, "stadium": "\u6d32\u969b", "date": "2017-03-30T10:36:00Z", "away_team_score": 8, "home_team_score": 9}, "model": "game.game", "pk": 23}, {"fields": {"home_team": 1, "away_team": 4, "winner": true, "game_no": 5, "stadium": "\u6d32\u969b", "date": "2017-03-29T10:35:00Z", "away_team_score": 5, "home_team_score": 6}, "model": "game.game", "pk": 24}, {"fields": {"home_team": 1, "away_team": 2, "winner": false, "game_no": 3, "stadium": "\u6d32\u969b", "date": "2017-03-26T09:03:00Z", "away_team_score": 13, "home_team_score": 4}, "model": "game.game", "pk": 25}, {"fields": {"home_team": 4, "away_team": 1, "winner": true, "game_no": 1, "stadium": "\u65b0\u838a", "date": "2017-03-25T09:31:00Z", "away_team_score": 5, "home_team_score": 8}, "model": "game.game", "pk": 26}, {"fields": {"home_team": 2, "away_team": 4, "winner": false, "game_no": 42, "stadium": "\u6f84\u6e05\u6e56", "date": "2017-04-23T09:04:00Z", "away_team_score": 5, "home_team_score": 4}, "model": "game.game", "pk": 27}, {"fields": {"home_team": 2, "away_team": 4, "winner": false, "game_no": 40, "stadium": "\u53f0\u5357", "date": "2017-04-22T09:31:00Z", "away_team_score": 7, "home_team_score": 0}, "model": "game.game", "pk": 28}, {"fields": {"home_team": 2, "away_team": 4, "winner": true, "game_no": 38, "stadium": "\u53f0\u5357", "date": "2017-04-21T10:34:00Z", "away_team_score": 8, "home_team_score": 9}, "model": "game.game", "pk": 29}, {"fields": {"home_team": 4, "away_team": 2, "winner": false, "game_no": 32, "stadium": "\u65b0\u838a", "date": "2017-04-16T09:05:00Z", "away_team_score": 9, "home_team_score": 7}, "model": "game.game", "pk": 30}, {"fields": {"home_team": 4, "away_team": 2, "winner": true, "game_no": 30, "stadium": "\u65b0\u838a", "date": "2017-04-15T09:05:00Z", "away_team_score": 3, "home_team_score": 4}, "model": "game.game", "pk": 31}, {"fields": {"home_team": 4, "away_team": 2, "winner": true, "game_no": 28, "stadium": "\u65b0\u838a", "date": "2017-04-14T10:33:00Z", "away_team_score": 6, "home_team_score": 17}, "model": "game.game", "pk": 32}, {"fields": {"home_team": 2, "away_team": 3, "winner": true, "game_no": 22, "stadium": "\u6f84\u6e05\u6e56", "date": "2017-04-09T09:08:00Z", "away_team_score": 3, "home_team_score": 5}, "model": "game.game", "pk": 33}, {"fields": {"home_team": 2, "away_team": 3, "winner": true, "game_no": 20, "stadium": "\u53f0\u5357", "date": "2017-04-08T09:05:00Z", "away_team_score": 4, "home_team_score": 5}, "model": "game.game", "pk": 34}, {"fields": {"home_team": 2, "away_team": 3, "winner": false, "game_no": 18, "stadium": "\u53f0\u5357", "date": "2017-04-07T10:35:00Z", "away_team_score": 4, "home_team_score": 1}, "model": "game.game", "pk": 35}, {"fields": {"home_team": 2, "away_team": 4, "winner": true, "game_no": 16, "stadium": "\u53f0\u5357", "date": "2017-04-06T10:35:00Z", "away_team_score": 4, "home_team_score": 6}, "model": "game.game", "pk": 36}, {"fields": {"home_team": 2, "away_team": 4, "winner": true, "game_no": 14, "stadium": "\u53f0\u5357", "date": "2017-04-04T09:05:00Z", "away_team_score": 5, "home_team_score": 9}, "model": "game.game", "pk": 37}, {"fields": {"home_team": 3, "away_team": 2, "winner": true, "game_no": 6, "stadium": "\u6843\u5712", "date": "2017-03-30T10:36:00Z", "away_team_score": 2, "home_team_score": 10}, "model": "game.game", "pk": 38}, {"fields": {"home_team": 3, "away_team": 2, "winner": true, "game_no": 4, "stadium": "\u6843\u5712", "date": "2017-03-28T10:35:00Z", "away_team_score": 0, "home_team_score": 4}, "model": "game.game", "pk": 39}, {"fields": {"home_team": 3, "away_team": 4, "winner": true, "game_no": 35, "stadium": "\u6843\u5712", "date": "2017-04-20T10:34:00Z", "away_team_score": 5, "home_team_score": 8}, "model": "game.game", "pk": 40}, {"fields": {"home_team": 3, "away_team": 4, "winner": true, "game_no": 33, "stadium": "\u6843\u5712", "date": "2017-04-18T10:35:00Z", "away_team_score": 7, "home_team_score": 10}, "model": "game.game", "pk": 41}, {"fields": {"home_team": 4, "away_team": 3, "winner": false, "game_no": 25, "stadium": "\u65b0\u838a", "date": "2017-04-12T10:35:00Z", "away_team_score": 6, "home_team_score": 3}, "model": "game.game", "pk": 42}, {"fields": {"home_team": 3, "away_team": 4, "winner": true, "game_no": 12, "stadium": "\u6843\u5712", "date": "2017-04-02T09:40:00Z", "away_team_score": 5, "home_team_score": 6}, "model": "game.game", "pk": 43}, {"fields": {"home_team": 3, "away_team": 4, "winner": true, "game_no": 8, "stadium": "\u6843\u5712", "date": "2017-04-02T05:04:00Z", "away_team_score": 4, "home_team_score": 5}, "model": "game.game", "pk": 44}, {"fields": {"home_team": 3, "away_team": 4, "winner": true, "game_no": 10, "stadium": "\u6843\u5712", "date": "2017-04-01T09:06:00Z", "away_team_score": 5, "home_team_score": 9}, "model": "game.game", "pk": 45}, {"fields": {"home_team": 4, "away_team": 3, "winner": true, "game_no": 2, "stadium": "\u65b0\u838a", "date": "2017-03-26T09:08:00Z", "away_team_score": 1, "home_team_score": 2}, "model": "game.game", "pk": 46}, {"fields": {"home_team": 2, "away_team": 3, "winner": false, "game_no": 44, "stadium": "\u6597\u516d", "date": "2017-04-26T10:34:00Z", "away_team_score": 6, "home_team_score": 2}, "model": "game.game", "pk": 47}, {"fields": {"home_team": 1, "away_team": 2, "winner": true, "game_no": 232, "stadium": "\u5929\u6bcd", "date": "2014-10-12T09:06:00Z", "away_team_score": 0, "home_team_score": 3}, "model": "game.game", "pk": 48}, {"fields": {"home_team": 1, "away_team": 3, "winner": false, "game_no": 240, "stadium": "\u5929\u6bcd", "date": "2014-09-28T09:07:00Z", "away_team_score": 3, "home_team_score": 1}, "model": "game.game", "pk": 49}, {"fields": {"home_team": 1, "away_team": 3, "winner": true, "game_no": 238, "stadium": "\u5929\u6bcd", "date": "2014-09-27T09:05:00Z", "away_team_score": 0, "home_team_score": 3}, "model": "game.game", "pk": 50}, {"fields": {"home_team": 1, "away_team": 3, "winner": true, "game_no": 236, "stadium": "\u65b0\u838a", "date": "2014-09-26T10:35:00Z", "away_team_score": 5, "home_team_score": 8}, "model": "game.game", "pk": 51}, {"fields": {"home_team": 1, "away_team": 2, "winner": true, "game_no": 234, "stadium": "\u65b0\u838a", "date": "2014-09-25T10:38:00Z", "away_team_score": 1, "home_team_score": 3}, "model": "game.game", "pk": 52}, {"fields": {"home_team": 3, "away_team": 1, "winner": true, "game_no": 223, "stadium": "\u6843\u5712", "date": "2014-09-18T10:35:00Z", "away_team_score": 0, "home_team_score": 2}, "model": "game.game", "pk": 53}, {"fields": {"home_team": 3, "away_team": 1, "winner": false, "game_no": 221, "stadium": "\u6843\u5712", "date": "2014-09-16T10:35:00Z", "away_team_score": 4, "home_team_score": 2}, "model": "game.game", "pk": 54}, {"fields": {"home_team": 2, "away_team": 1, "winner": null, "game_no": 219, "stadium": "\u53f0\u5357", "date": "2014-09-14T09:04:00Z", "away_team_score": 7, "home_team_score": 7}, "model": "game.game", "pk": 55}, {"fields": {"home_team": 2, "away_team": 1, "winner": false, "game_no": 217, "stadium": "\u53f0\u5357", "date": "2014-09-13T09:04:00Z", "away_team_score": 3, "home_team_score": 0}, "model": "game.game", "pk": 56}, {"fields": {"home_team": 2, "away_team": 1, "winner": null, "game_no": 215, "stadium": "\u53f0\u5357", "date": "2014-09-12T10:34:00Z", "away_team_score": 1, "home_team_score": 1}, "model": "game.game", "pk": 57}, {"fields": {"home_team": 1, "away_team": 2, "winner": false, "game_no": 209, "stadium": "\u6d32\u969b", "date": "2014-09-07T09:07:00Z", "away_team_score": 2, "home_team_score": 0}, "model": "game.game", "pk": 58}, {"fields": {"home_team": 1, "away_team": 2, "winner": false, "game_no": 207, "stadium": "\u6d32\u969b", "date": "2014-09-06T09:07:00Z", "away_team_score": 9, "home_team_score": 3}, "model": "game.game", "pk": 59}, {"fields": {"home_team": 1, "away_team": 2, "winner": true, "game_no": 205, "stadium": "\u5609\u7fa9\u5e02", "date": "2014-09-05T11:04:00Z", "away_team_score": 3, "home_team_score": 9}, "model": "game.game", "pk": 60}, {"fields": {"home_team": 3, "away_team": 1, "winner": true, "game_no": 199, "stadium": "\u6843\u5712", "date": "2014-08-31T09:05:00Z", "away_team_score": 4, "home_team_score": 7}, "model": "game.game", "pk": 61}, {"fields": {"home_team": 3, "away_team": 1, "winner": true, "game_no": 197, "stadium": "\u6843\u5712", "date": "2014-08-30T09:08:00Z", "away_team_score": 4, "home_team_score": 10}, "model": "game.game", "pk": 62}, {"fields": {"home_team": 3, "away_team": 1, "winner": true, "game_no": 195, "stadium": "\u6843\u5712", "date": "2014-08-29T10:37:00Z", "away_team_score": 5, "home_team_score": 6}, "model": "game.game", "pk": 63}, {"fields": {"home_team": 2, "away_team": 1, "winner": false, "game_no": 194, "stadium": "\u6d32\u969b", "date": "2014-08-28T10:35:00Z", "away_team_score": 15, "home_team_score": 9}, "model": "game.game", "pk": 64}, {"fields": {"home_team": 2, "away_team": 1, "winner": true, "game_no": 192, "stadium": "\u6d32\u969b", "date": "2014-08-27T11:03:00Z", "away_team_score": 1, "home_team_score": 2}, "model": "game.game", "pk": 65}, {"fields": {"home_team": 1, "away_team": 3, "winner": false, "game_no": 184, "stadium": "\u65b0\u838a", "date": "2014-08-21T10:35:00Z", "away_team_score": 2, "home_team_score": 1}, "model": "game.game", "pk": 66}, {"fields": {"home_team": 1, "away_team": 3, "winner": null, "game_no": 182, "stadium": "\u65b0\u838a", "date": "2014-08-20T10:37:00Z", "away_team_score": 1, "home_team_score": 1}, "model": "game.game", "pk": 67}, {"fields": {"home_team": 1, "away_team": 2, "winner": true, "game_no": 173, "stadium": "\u65b0\u838a", "date": "2014-08-14T10:37:00Z", "away_team_score": 1, "home_team_score": 9}, "model": "game.game", "pk": 68}, {"fields": {"home_team": 1, "away_team": 2, "winner": true, "game_no": 171, "stadium": "\u65b0\u838a", "date": "2014-08-12T10:36:00Z", "away_team_score": 1, "home_team_score": 3}, "model": "game.game", "pk": 69}, {"fields": {"home_team": 1, "away_team": 3, "winner": false, "game_no": 169, "stadium": "\u5929\u6bcd", "date": "2014-08-10T09:05:00Z", "away_team_score": 8, "home_team_score": 6}, "model": "game.game", "pk": 70}, {"fields": {"home_team": 1, "away_team": 3, "winner": true, "game_no": 167, "stadium": "\u5929\u6bcd", "date": "2014-08-09T09:05:00Z", "away_team_score": 1, "home_team_score": 6}, "model": "game.game", "pk": 71}, {"fields": {"home_team": 1, "away_team": 3, "winner": true, "game_no": 165, "stadium": "\u65b0\u838a", "date": "2014-08-08T10:37:00Z", "away_team_score": 3, "home_team_score": 6}, "model": "game.game", "pk": 72}, {"fields": {"home_team": 2, "away_team": 1, "winner": false, "game_no": 160, "stadium": "\u5929\u6bcd", "date": "2014-08-03T09:05:00Z", "away_team_score": 5, "home_team_score": 3}, "model": "game.game", "pk": 73}, {"fields": {"home_team": 2, "away_team": 1, "winner": true, "game_no": 158, "stadium": "\u5929\u6bcd", "date": "2014-08-02T09:04:00Z", "away_team_score": 2, "home_team_score": 6}, "model": "game.game", "pk": 74}, {"fields": {"home_team": 2, "away_team": 1, "winner": true, "game_no": 156, "stadium": "\u65b0\u838a", "date": "2014-08-01T10:37:00Z", "away_team_score": 2, "home_team_score": 4}, "model": "game.game", "pk": 75}, {"fields": {"home_team": 3, "away_team": 1, "winner": true, "game_no": 154, "stadium": "\u6843\u5712", "date": "2014-07-31T10:35:00Z", "away_team_score": 2, "home_team_score": 7}, "model": "game.game", "pk": 76}, {"fields": {"home_team": 3, "away_team": 1, "winner": false, "game_no": 152, "stadium": "\u6843\u5712", "date": "2014-07-30T10:36:00Z", "away_team_score": 9, "home_team_score": 2}, "model": "game.game", "pk": 77}, {"fields": {"home_team": 1, "away_team": 2, "winner": false, "game_no": 145, "stadium": "\u5929\u6bcd", "date": "2014-07-20T09:06:00Z", "away_team_score": 4, "home_team_score": 3}, "model": "game.game", "pk": 78}, {"fields": {"home_team": 1, "away_team": 2, "winner": false, "game_no": 143, "stadium": "\u5929\u6bcd", "date": "2014-07-19T09:05:00Z", "away_team_score": 1, "home_team_score": 0}, "model": "game.game", "pk": 79}, {"fields": {"home_team": 1, "away_team": 2, "winner": false, "game_no": 141, "stadium": "\u65b0\u838a", "date": "2014-07-18T10:49:00Z", "away_team_score": 3, "home_team_score": 2}, "model": "game.game", "pk": 80}, {"fields": {"home_team": 1, "away_team": 3, "winner": false, "game_no": 139, "stadium": "\u65b0\u838a", "date": "2014-07-17T10:37:00Z", "away_team_score": 8, "home_team_score": 5}, "model": "game.game", "pk": 81}, {"fields": {"home_team": 1, "away_team": 3, "winner": true, "game_no": 137, "stadium": "\u65b0\u838a", "date": "2014-07-15T10:37:00Z", "away_team_score": 3, "home_team_score": 6}, "model": "game.game", "pk": 82}, {"fields": {"home_team": 2, "away_team": 1, "winner": false, "game_no": 129, "stadium": "\u6597\u516d", "date": "2014-07-10T10:36:00Z", "away_team_score": 6, "home_team_score": 2}, "model": "game.game", "pk": 83}, {"fields": {"home_team": 2, "away_team": 1, "winner": true, "game_no": 127, "stadium": "\u5c4f\u6771", "date": "2014-07-08T10:37:00Z", "away_team_score": 4, "home_team_score": 7}, "model": "game.game", "pk": 84}, {"fields": {"home_team": 3, "away_team": 1, "winner": false, "game_no": 125, "stadium": "\u6843\u5712", "date": "2014-07-06T09:05:00Z", "away_team_score": 5, "home_team_score": 3}, "model": "game.game", "pk": 85}, {"fields": {"home_team": 3, "away_team": 1, "winner": false, "game_no": 123, "stadium": "\u6843\u5712", "date": "2014-07-05T09:05:00Z", "away_team_score": 9, "home_team_score": 7}, "model": "game.game", "pk": 86}, {"fields": {"home_team": 3, "away_team": 1, "winner": false, "game_no": 121, "stadium": "\u6843\u5712", "date": "2014-07-04T10:35:00Z", "away_team_score": 1, "home_team_score": 0}, "model": "game.game", "pk": 87}, {"fields": {"home_team": 2, "away_team": 1, "winner": true, "game_no": 114, "stadium": "\u5c4f\u6771", "date": "2014-06-27T10:37:00Z", "away_team_score": 1, "home_team_score": 2}, "model": "game.game", "pk": 88}, {"fields": {"home_team": 1, "away_team": 2, "winner": true, "game_no": 76, "stadium": "\u65b0\u838a", "date": "2014-06-17T10:35:00Z", "away_team_score": 2, "home_team_score": 4}, "model": "game.game", "pk": 89}, {"fields": {"home_team": 3, "away_team": 1, "winner": true, "game_no": 119, "stadium": "\u6843\u5712", "date": "2014-06-15T09:05:00Z", "away_team_score": 5, "home_team_score": 6}, "model": "game.game", "pk": 90}, {"fields": {"home_team": 3, "away_team": 1, "winner": true, "game_no": 117, "stadium": "\u6843\u5712", "date": "2014-06-14T09:06:00Z", "away_team_score": 3, "home_team_score": 4}, "model": "game.game", "pk": 91}, {"fields": {"home_team": 3, "away_team": 1, "winner": true, "game_no": 115, "stadium": "\u6843\u5712", "date": "2014-06-13T10:35:00Z", "away_team_score": 1, "home_team_score": 6}, "model": "game.game", "pk": 92}, {"fields": {"home_team": 1, "away_team": 3, "winner": false, "game_no": 106, "stadium": "\u65b0\u838a", "date": "2014-06-05T10:37:00Z", "away_team_score": 6, "home_team_score": 1}, "model": "game.game", "pk": 93}, {"fields": {"home_team": 1, "away_team": 3, "winner": true, "game_no": 105, "stadium": "\u65b0\u838a", "date": "2014-06-04T10:37:00Z", "away_team_score": 6, "home_team_score": 16}, "model": "game.game", "pk": 94}, {"fields": {"home_team": 1, "away_team": 2, "winner": true, "game_no": 102, "stadium": "\u6d32\u969b", "date": "2014-06-01T09:06:00Z", "away_team_score": 6, "home_team_score": 7}, "model": "game.game", "pk": 95}, {"fields": {"home_team": 1, "away_team": 2, "winner": false, "game_no": 100, "stadium": "\u6d32\u969b", "date": "2014-05-31T09:04:00Z", "away_team_score": 8, "home_team_score": 5}, "model": "game.game", "pk": 96}, {"fields": {"home_team": 1, "away_team": 2, "winner": true, "game_no": 98, "stadium": "\u5609\u7fa9\u5e02", "date": "2014-05-30T10:37:00Z", "away_team_score": 1, "home_team_score": 3}, "model": "game.game", "pk": 97}, {"fields": {"home_team": 2, "away_team": 1, "winner": true, "game_no": 92, "stadium": "\u6d32\u969b", "date": "2014-05-25T09:20:00Z", "away_team_score": 4, "home_team_score": 8}, "model": "game.game", "pk": 98}, {"fields": {"home_team": 2, "away_team": 1, "winner": false, "game_no": 88, "stadium": "\u6d32\u969b", "date": "2014-05-25T05:04:00Z", "away_team_score": 18, "home_team_score": 2}, "model": "game.game", "pk": 99}, {"fields": {"home_team": 2, "away_team": 1, "winner": true, "game_no": 90, "stadium": "\u6d32\u969b", "date": "2014-05-24T09:36:00Z", "away_team_score": 2, "home_team_score": 3}, "model": "game.game", "pk": 100}, {"fields": {"home_team": 1, "away_team": 3, "winner": false, "game_no": 82, "stadium": "\u82b1\u84ee", "date": "2014-05-18T09:07:00Z", "away_team_score": 9, "home_team_score": 6}, "model": "game.game", "pk": 101}, {"fields": {"home_team": 1, "away_team": 3, "winner": false, "game_no": 80, "stadium": "\u82b1\u84ee", "date": "2014-05-17T09:39:00Z", "away_team_score": 3, "home_team_score": 0}, "model": "game.game", "pk": 102}, {"fields": {"home_team": 1, "away_team": 3, "winner": false, "game_no": 78, "stadium": "\u82b1\u84ee", "date": "2014-05-17T05:06:00Z", "away_team_score": 6, "home_team_score": 5}, "model": "game.game", "pk": 103}, {"fields": {"home_team": 1, "away_team": 2, "winner": false, "game_no": 74, "stadium": "\u65b0\u838a", "date": "2014-05-13T10:37:00Z", "away_team_score": 4, "home_team_score": 1}, "model": "game.game", "pk": 104}, {"fields": {"home_team": 3, "away_team": 1, "winner": true, "game_no": 66, "stadium": "\u6843\u5712", "date": "2014-05-08T10:36:00Z", "away_team_score": 2, "home_team_score": 7}, "model": "game.game", "pk": 105}, {"fields": {"home_team": 3, "away_team": 1, "winner": true, "game_no": 64, "stadium": "\u6843\u5712", "date": "2014-05-06T10:37:00Z", "away_team_score": 0, "home_team_score": 5}, "model": "game.game", "pk": 106}, {"fields": {"home_team": 2, "away_team": 1, "winner": false, "game_no": 57, "stadium": "\u53f0\u5357", "date": "2014-05-01T10:34:00Z", "away_team_score": 6, "home_team_score": 2}, "model": "game.game", "pk": 107}, {"fields": {"home_team": 2, "away_team": 1, "winner": true, "game_no": 55, "stadium": "\u5609\u7fa9\u5e02", "date": "2014-04-30T10:35:00Z", "away_team_score": 3, "home_team_score": 5}, "model": "game.game", "pk": 108}, {"fields": {"home_team": 3, "away_team": 1, "winner": true, "game_no": 52, "stadium": "\u6843\u5712", "date": "2014-04-27T10:23:00Z", "away_team_score": 1, "home_team_score": 2}, "model": "game.game", "pk": 109}, {"fields": {"home_team": 3, "away_team": 1, "winner": true, "game_no": 50, "stadium": "\u6843\u5712", "date": "2014-04-27T05:04:00Z", "away_team_score": 5, "home_team_score": 6}, "model": "game.game", "pk": 110}, {"fields": {"home_team": 3, "away_team": 1, "winner": true, "game_no": 48, "stadium": "\u6843\u5712", "date": "2014-04-25T10:36:00Z", "away_team_score": 3, "home_team_score": 4}, "model": "game.game", "pk": 111}, {"fields": {"home_team": 1, "away_team": 2, "winner": true, "game_no": 42, "stadium": "\u5929\u6bcd", "date": "2014-04-20T09:07:00Z", "away_team_score": 1, "home_team_score": 5}, "model": "game.game", "pk": 112}, {"fields": {"home_team": 1, "away_team": 2, "winner": false, "game_no": 40, "stadium": "\u5929\u6bcd", "date": "2014-04-19T09:07:00Z", "away_team_score": 6, "home_team_score": 3}, "model": "game.game", "pk": 113}, {"fields": {"home_team": 1, "away_team": 2, "winner": true, "game_no": 38, "stadium": "\u65b0\u838a", "date": "2014-04-18T10:36:00Z", "away_team_score": 3, "home_team_score": 4}, "model": "game.game", "pk": 114}, {"fields": {"home_team": 1, "away_team": 3, "winner": false, "game_no": 36, "stadium": "\u65b0\u838a", "date": "2014-04-17T10:35:00Z", "away_team_score": 4, "home_team_score": 2}, "model": "game.game", "pk": 115}, {"fields": {"home_team": 1, "away_team": 3, "winner": true, "game_no": 34, "stadium": "\u65b0\u838a", "date": "2014-04-15T10:36:00Z", "away_team_score": 4, "home_team_score": 6}, "model": "game.game", "pk": 116}, {"fields": {"home_team": 2, "away_team": 1, "winner": true, "game_no": 32, "stadium": "\u5929\u6bcd", "date": "2014-04-13T09:05:00Z", "away_team_score": 1, "home_team_score": 3}, "model": "game.game", "pk": 117}, {"fields": {"home_team": 2, "away_team": 1, "winner": false, "game_no": 30, "stadium": "\u5929\u6bcd", "date": "2014-04-12T09:05:00Z", "away_team_score": 10, "home_team_score": 9}, "model": "game.game", "pk": 118}, {"fields": {"home_team": 2, "away_team": 1, "winner": true, "game_no": 28, "stadium": "\u65b0\u838a", "date": "2014-04-11T10:34:00Z", "away_team_score": 8, "home_team_score": 9}, "model": "game.game", "pk": 119}, {"fields": {"home_team": 3, "away_team": 1, "winner": true, "game_no": 27, "stadium": "\u6843\u5712", "date": "2014-04-10T10:37:00Z", "away_team_score": 2, "home_team_score": 6}, "model": "game.game", "pk": 120}, {"fields": {"home_team": 3, "away_team": 1, "winner": true, "game_no": 25, "stadium": "\u6843\u5712", "date": "2014-04-09T10:36:00Z", "away_team_score": 1, "home_team_score": 2}, "model": "game.game", "pk": 121}, {"fields": {"home_team": 1, "away_team": 2, "winner": false, "game_no": 17, "stadium": "\u65b0\u838a", "date": "2014-04-03T10:48:00Z", "away_team_score": 4, "home_team_score": 0}, "model": "game.game", "pk": 122}, {"fields": {"home_team": 1, "away_team": 2, "winner": null, "game_no": 15, "stadium": "\u65b0\u838a", "date": "2014-04-02T10:35:00Z", "away_team_score": 1, "home_team_score": 1}, "model": "game.game", "pk": 123}, {"fields": {"home_team": 1, "away_team": 3, "winner": true, "game_no": 12, "stadium": "\u5929\u6bcd", "date": "2014-03-30T09:07:00Z", "away_team_score": 1, "home_team_score": 4}, "model": "game.game", "pk": 124}, {"fields": {"home_team": 1, "away_team": 3, "winner": false, "game_no": 10, "stadium": "\u5929\u6bcd", "date": "2014-03-30T06:05:00Z", "away_team_score": 5, "home_team_score": 0}, "model": "game.game", "pk": 125}, {"fields": {"home_team": 1, "away_team": 3, "winner": false, "game_no": 8, "stadium": "\u65b0\u838a", "date": "2014-03-28T10:38:00Z", "away_team_score": 6, "home_team_score": 5}, "model": "game.game", "pk": 126}, {"fields": {"home_team": 2, "away_team": 1, "winner": false, "game_no": 2, "stadium": "\u5929\u6bcd", "date": "2014-03-23T09:08:00Z", "away_team_score": 2, "home_team_score": 0}, "model": "game.game", "pk": 127}, {"fields": {"home_team": 3, "away_team": 2, "winner": false, "game_no": 229, "stadium": "\u6843\u5712", "date": "2014-10-05T09:04:00Z", "away_team_score": 9, "home_team_score": 3}, "model": "game.game", "pk": 128}, {"fields": {"home_team": 3, "away_team": 2, "winner": true, "game_no": 148, "stadium": "\u6843\u5712", "date": "2014-09-30T10:37:00Z", "away_team_score": 4, "home_team_score": 5}, "model": "game.game", "pk": 129}, {"fields": {"home_team": 3, "away_team": 2, "winner": true, "game_no": 227, "stadium": "\u6843\u5712", "date": "2014-09-20T09:06:00Z", "away_team_score": 2, "home_team_score": 5}, "model": "game.game", "pk": 130}, {"fields": {"home_team": 3, "away_team": 2, "winner": true, "game_no": 225, "stadium": "\u6843\u5712", "date": "2014-09-19T10:35:00Z", "away_team_score": 4, "home_team_score": 9}, "model": "game.game", "pk": 131}, {"fields": {"home_team": 2, "away_team": 3, "winner": true, "game_no": 213, "stadium": "\u53f0\u5357", "date": "2014-09-11T10:35:00Z", "away_team_score": 0, "home_team_score": 6}, "model": "game.game", "pk": 132}, {"fields": {"home_team": 2, "away_team": 3, "winner": true, "game_no": 211, "stadium": "\u53f0\u5357", "date": "2014-09-09T10:38:00Z", "away_team_score": 5, "home_team_score": 6}, "model": "game.game", "pk": 133}, {"fields": {"home_team": 3, "away_team": 2, "winner": true, "game_no": 203, "stadium": "\u6843\u5712", "date": "2014-09-04T10:36:00Z", "away_team_score": 2, "home_team_score": 3}, "model": "game.game", "pk": 134}, {"fields": {"home_team": 3, "away_team": 2, "winner": false, "game_no": 201, "stadium": "\u6843\u5712", "date": "2014-09-02T10:35:00Z", "away_team_score": 6, "home_team_score": 5}, "model": "game.game", "pk": 135}, {"fields": {"home_team": 2, "away_team": 3, "winner": false, "game_no": 189, "stadium": "\u53f0\u5357", "date": "2014-08-24T09:07:00Z", "away_team_score": 4, "home_team_score": 0}, "model": "game.game", "pk": 136}, {"fields": {"home_team": 2, "away_team": 3, "winner": false, "game_no": 187, "stadium": "\u53f0\u5357", "date": "2014-08-23T09:06:00Z", "away_team_score": 8, "home_team_score": 4}, "model": "game.game", "pk": 137}, {"fields": {"home_team": 2, "away_team": 3, "winner": true, "game_no": 185, "stadium": "\u53f0\u5357", "date": "2014-08-22T10:37:00Z", "away_team_score": 5, "home_team_score": 7}, "model": "game.game", "pk": 138}, {"fields": {"home_team": 3, "away_team": 2, "winner": true, "game_no": 180, "stadium": "\u6843\u5712", "date": "2014-08-17T09:06:00Z", "away_team_score": 4, "home_team_score": 6}, "model": "game.game", "pk": 139}, {"fields": {"home_team": 3, "away_team": 2, "winner": false, "game_no": 178, "stadium": "\u6843\u5712", "date": "2014-08-16T09:05:00Z", "away_team_score": 9, "home_team_score": 4}, "model": "game.game", "pk": 140}, {"fields": {"home_team": 3, "away_team": 2, "winner": true, "game_no": 176, "stadium": "\u6843\u5712", "date": "2014-08-15T10:37:00Z", "away_team_score": 5, "home_team_score": 6}, "model": "game.game", "pk": 141}, {"fields": {"home_team": 2, "away_team": 3, "winner": false, "game_no": 164, "stadium": "\u6597\u516d", "date": "2014-08-07T10:37:00Z", "away_team_score": 6, "home_team_score": 5}, "model": "game.game", "pk": 142}, {"fields": {"home_team": 2, "away_team": 3, "winner": true, "game_no": 162, "stadium": "\u5c4f\u6771", "date": "2014-08-06T10:37:00Z", "away_team_score": 2, "home_team_score": 7}, "model": "game.game", "pk": 143}, {"fields": {"home_team": 3, "away_team": 2, "winner": true, "game_no": 150, "stadium": "\u6843\u5712", "date": "2014-07-24T10:34:00Z", "away_team_score": 0, "home_team_score": 1}, "model": "game.game", "pk": 144}, {"fields": {"home_team": 2, "away_team": 3, "winner": false, "game_no": 135, "stadium": "\u53f0\u5357", "date": "2014-07-13T09:08:00Z", "away_team_score": 3, "home_team_score": 1}, "model": "game.game", "pk": 145}, {"fields": {"home_team": 2, "away_team": 3, "winner": false, "game_no": 133, "stadium": "\u53f0\u5357", "date": "2014-07-12T09:06:00Z", "away_team_score": 6, "home_team_score": 5}, "model": "game.game", "pk": 146}, {"fields": {"home_team": 2, "away_team": 3, "winner": true, "game_no": 131, "stadium": "\u53f0\u5357", "date": "2014-07-11T10:34:00Z", "away_team_score": 1, "home_team_score": 5}, "model": "game.game", "pk": 147}, {"fields": {"home_team": 2, "away_team": 3, "winner": false, "game_no": 111, "stadium": "\u53f0\u5357", "date": "2014-06-08T09:05:00Z", "away_team_score": 9, "home_team_score": 6}, "model": "game.game", "pk": 148}, {"fields": {"home_team": 2, "away_team": 3, "winner": null, "game_no": 109, "stadium": "\u53f0\u5357", "date": "2014-06-07T09:02:00Z", "away_team_score": 2, "home_team_score": 2}, "model": "game.game", "pk": 149}, {"fields": {"home_team": 2, "away_team": 3, "winner": true, "game_no": 107, "stadium": "\u53f0\u5357", "date": "2014-06-06T10:35:00Z", "away_team_score": 1, "home_team_score": 2}, "model": "game.game", "pk": 150}, {"fields": {"home_team": 3, "away_team": 2, "winner": false, "game_no": 97, "stadium": "\u6843\u5712", "date": "2014-05-29T10:39:00Z", "away_team_score": 9, "home_team_score": 4}, "model": "game.game", "pk": 151}, {"fields": {"home_team": 3, "away_team": 2, "winner": true, "game_no": 95, "stadium": "\u6843\u5712", "date": "2014-05-28T10:35:00Z", "away_team_score": 1, "home_team_score": 2}, "model": "game.game", "pk": 152}, {"fields": {"home_team": 2, "away_team": 3, "winner": null, "game_no": 86, "stadium": "\u53f0\u5357", "date": "2014-05-22T10:34:00Z", "away_team_score": 2, "home_team_score": 2}, "model": "game.game", "pk": 153}, {"fields": {"home_team": 2, "away_team": 3, "winner": true, "game_no": 84, "stadium": "\u53f0\u5357", "date": "2014-05-20T10:34:00Z", "away_team_score": 2, "home_team_score": 3}, "model": "game.game", "pk": 154}, {"fields": {"home_team": 3, "away_team": 2, "winner": true, "game_no": 72, "stadium": "\u6843\u5712", "date": "2014-05-11T09:06:00Z", "away_team_score": 8, "home_team_score": 16}, "model": "game.game", "pk": 155}, {"fields": {"home_team": 3, "away_team": 2, "winner": false, "game_no": 70, "stadium": "\u6843\u5712", "date": "2014-05-10T09:06:00Z", "away_team_score": 2, "home_team_score": 1}, "model": "game.game", "pk": 156}, {"fields": {"home_team": 3, "away_team": 2, "winner": false, "game_no": 68, "stadium": "\u6843\u5712", "date": "2014-05-09T10:35:00Z", "away_team_score": 5, "home_team_score": 2}, "model": "game.game", "pk": 157}, {"fields": {"home_team": 2, "away_team": 3, "winner": true, "game_no": 63, "stadium": "\u6597\u516d", "date": "2014-05-04T09:07:00Z", "away_team_score": 4, "home_team_score": 5}, "model": "game.game", "pk": 158}, {"fields": {"home_team": 2, "away_team": 3, "winner": false, "game_no": 61, "stadium": "\u53f0\u5357", "date": "2014-05-03T09:06:00Z", "away_team_score": 4, "home_team_score": 3}, "model": "game.game", "pk": 159}, {"fields": {"home_team": 2, "away_team": 3, "winner": true, "game_no": 59, "stadium": "\u53f0\u5357", "date": "2014-05-02T10:34:00Z", "away_team_score": 3, "home_team_score": 4}, "model": "game.game", "pk": 160}, {"fields": {"home_team": 3, "away_team": 2, "winner": true, "game_no": 46, "stadium": "\u6843\u5712", "date": "2014-04-24T10:35:00Z", "away_team_score": 0, "home_team_score": 1}, "model": "game.game", "pk": 161}, {"fields": {"home_team": 3, "away_team": 2, "winner": false, "game_no": 44, "stadium": "\u6843\u5712", "date": "2014-04-22T10:36:00Z", "away_team_score": 7, "home_team_score": 6}, "model": "game.game", "pk": 162}, {"fields": {"home_team": 3, "away_team": 2, "winner": false, "game_no": 23, "stadium": "\u6843\u5712", "date": "2014-04-06T09:05:00Z", "away_team_score": 6, "home_team_score": 2}, "model": "game.game", "pk": 163}, {"fields": {"home_team": 3, "away_team": 2, "winner": true, "game_no": 21, "stadium": "\u6843\u5712", "date": "2014-04-05T09:05:00Z", "away_team_score": 1, "home_team_score": 3}, "model": "game.game", "pk": 164}, {"fields": {"home_team": 3, "away_team": 2, "winner": true, "game_no": 19, "stadium": "\u6843\u5712", "date": "2014-04-04T09:06:00Z", "away_team_score": 8, "home_team_score": 9}, "model": "game.game", "pk": 165}, {"fields": {"home_team": 2, "away_team": 3, "winner": true, "game_no": 7, "stadium": "\u5c4f\u6771", "date": "2014-03-27T10:38:00Z", "away_team_score": 3, "home_team_score": 4}, "model": "game.game", "pk": 166}, {"fields": {"home_team": 2, "away_team": 3, "winner": false, "game_no": 5, "stadium": "\u5609\u7fa9\u5e02", "date": "2014-03-26T10:37:00Z", "away_team_score": 6, "home_team_score": 1}, "model": "game.game", "pk": 167}, {"fields": {"home_team": 3, "away_team": 1, "winner": false, "game_no": 130, "stadium": "\u6843\u5712", "date": "2016-10-14T10:35:00Z", "away_team_score": 5, "home_team_score": 0}, "model": "game.game", "pk": 168}, {"fields": {"home_team": 2, "away_team": 1, "winner": false, "game_no": 131, "stadium": "\u53f0\u5357", "date": "2016-10-10T09:04:00Z", "away_team_score": 5, "home_team_score": 4}, "model": "game.game", "pk": 169}, {"fields": {"home_team": 2, "away_team": 1, "winner": false, "game_no": 135, "stadium": "\u53f0\u5357", "date": "2016-10-08T10:07:00Z", "away_team_score": 8, "home_team_score": 1}, "model": "game.game", "pk": 170}, {"fields": {"home_team": 1, "away_team": 3, "winner": true, "game_no": 218, "stadium": "\u6597\u516d", "date": "2016-10-07T10:41:00Z", "away_team_score": 4, "home_team_score": 5}, "model": "game.game", "pk": 171}, {"fields": {"home_team": 1, "away_team": 3, "winner": true, "game_no": 191, "stadium": "\u6d32\u969b", "date": "2016-10-06T10:35:00Z", "away_team_score": 2, "home_team_score": 8}, "model": "game.game", "pk": 172}, {"fields": {"home_team": 2, "away_team": 1, "winner": true, "game_no": 213, "stadium": "\u53f0\u5357", "date": "2016-10-05T10:35:00Z", "away_team_score": 2, "home_team_score": 4}, "model": "game.game", "pk": 173}, {"fields": {"home_team": 2, "away_team": 1, "winner": true, "game_no": 211, "stadium": "\u53f0\u5357", "date": "2016-10-04T10:34:00Z", "away_team_score": 3, "home_team_score": 5}, "model": "game.game", "pk": 174}, {"fields": {"home_team": 2, "away_team": 1, "winner": false, "game_no": 133, "stadium": "\u53f0\u5357", "date": "2016-10-02T09:07:00Z", "away_team_score": 17, "home_team_score": 5}, "model": "game.game", "pk": 175}, {"fields": {"home_team": 1, "away_team": 3, "winner": true, "game_no": 216, "stadium": "\u6d32\u969b", "date": "2016-09-26T10:34:00Z", "away_team_score": 7, "home_team_score": 8}, "model": "game.game", "pk": 176}, {"fields": {"home_team": 3, "away_team": 1, "winner": false, "game_no": 233, "stadium": "\u6843\u5712", "date": "2016-09-22T10:34:00Z", "away_team_score": 14, "home_team_score": 5}, "model": "game.game", "pk": 177}, {"fields": {"home_team": 3, "away_team": 1, "winner": false, "game_no": 231, "stadium": "\u6843\u5712", "date": "2016-09-20T10:34:00Z", "away_team_score": 12, "home_team_score": 4}, "model": "game.game", "pk": 178}, {"fields": {"home_team": 1, "away_team": 2, "winner": false, "game_no": 229, "stadium": "\u65b0\u838a", "date": "2016-09-18T09:19:00Z", "away_team_score": 11, "home_team_score": 6}, "model": "game.game", "pk": 179}, {"fields": {"home_team": 1, "away_team": 2, "winner": true, "game_no": 227, "stadium": "\u65b0\u838a", "date": "2016-09-18T05:04:00Z", "away_team_score": 7, "home_team_score": 12}, "model": "game.game", "pk": 180}, {"fields": {"home_team": 1, "away_team": 2, "winner": true, "game_no": 225, "stadium": "\u65b0\u838a", "date": "2016-09-16T09:05:00Z", "away_team_score": 7, "home_team_score": 8}, "model": "game.game", "pk": 181}, {"fields": {"home_team": 1, "away_team": 3, "winner": true, "game_no": 220, "stadium": "\u6d32\u969b", "date": "2016-09-11T09:04:00Z", "away_team_score": 2, "home_team_score": 3}, "model": "game.game", "pk": 182}, {"fields": {"home_team": 3, "away_team": 1, "winner": true, "game_no": 210, "stadium": "\u6843\u5712", "date": "2016-09-04T09:05:00Z", "away_team_score": 8, "home_team_score": 9}, "model": "game.game", "pk": 183}, {"fields": {"home_team": 3, "away_team": 1, "winner": true, "game_no": 208, "stadium": "\u6843\u5712", "date": "2016-09-03T09:06:00Z", "away_team_score": 4, "home_team_score": 12}, "model": "game.game", "pk": 184}, {"fields": {"home_team": 3, "away_team": 1, "winner": true, "game_no": 206, "stadium": "\u6843\u5712", "date": "2016-09-02T11:09:00Z", "away_team_score": 7, "home_team_score": 8}, "model": "game.game", "pk": 185}, {"fields": {"home_team": 1, "away_team": 2, "winner": true, "game_no": 203, "stadium": "\u65b0\u838a", "date": "2016-09-01T10:34:00Z", "away_team_score": 5, "home_team_score": 9}, "model": "game.game", "pk": 186}, {"fields": {"home_team": 1, "away_team": 2, "winner": true, "game_no": 201, "stadium": "\u65b0\u838a", "date": "2016-08-30T10:34:00Z", "away_team_score": 5, "home_team_score": 10}, "model": "game.game", "pk": 187}, {"fields": {"home_team": 1, "away_team": 3, "winner": false, "game_no": 193, "stadium": "\u65b0\u7af9", "date": "2016-08-25T10:35:00Z", "away_team_score": 13, "home_team_score": 8}, "model": "game.game", "pk": 188}, {"fields": {"home_team": 2, "away_team": 1, "winner": false, "game_no": 189, "stadium": "\u65b0\u838a", "date": "2016-08-21T09:03:00Z", "away_team_score": 7, "home_team_score": 2}, "model": "game.game", "pk": 189}, {"fields": {"home_team": 2, "away_team": 1, "winner": false, "game_no": 187, "stadium": "\u65b0\u838a", "date": "2016-08-20T09:04:00Z", "away_team_score": 5, "home_team_score": 4}, "model": "game.game", "pk": 190}, {"fields": {"home_team": 2, "away_team": 1, "winner": true, "game_no": 185, "stadium": "\u65b0\u7af9", "date": "2016-08-19T10:35:00Z", "away_team_score": 5, "home_team_score": 9}, "model": "game.game", "pk": 191}, {"fields": {"home_team": 1, "away_team": 2, "winner": false, "game_no": 180, "stadium": "\u6d32\u969b", "date": "2016-08-14T09:06:00Z", "away_team_score": 8, "home_team_score": 6}, "model": "game.game", "pk": 192}, {"fields": {"home_team": 1, "away_team": 2, "winner": true, "game_no": 176, "stadium": "\u6d32\u969b", "date": "2016-08-14T05:06:00Z", "away_team_score": 2, "home_team_score": 8}, "model": "game.game", "pk": 193}, {"fields": {"home_team": 1, "away_team": 2, "winner": false, "game_no": 178, "stadium": "\u6d32\u969b", "date": "2016-08-13T09:05:00Z", "away_team_score": 14, "home_team_score": 13}, "model": "game.game", "pk": 194}, {"fields": {"home_team": 1, "away_team": 3, "winner": true, "game_no": 174, "stadium": "\u6d32\u969b", "date": "2016-08-11T10:33:00Z", "away_team_score": 11, "home_team_score": 15}, "model": "game.game", "pk": 195}, {"fields": {"home_team": 1, "away_team": 3, "winner": false, "game_no": 172, "stadium": "\u6d32\u969b", "date": "2016-08-10T10:35:00Z", "away_team_score": 12, "home_team_score": 3}, "model": "game.game", "pk": 196}, {"fields": {"home_team": 2, "away_team": 1, "winner": false, "game_no": 164, "stadium": "\u53f0\u5357", "date": "2016-08-04T10:34:00Z", "away_team_score": 8, "home_team_score": 3}, "model": "game.game", "pk": 197}, {"fields": {"home_team": 2, "away_team": 1, "winner": true, "game_no": 162, "stadium": "\u53f0\u5357", "date": "2016-08-03T10:37:00Z", "away_team_score": 2, "home_team_score": 8}, "model": "game.game", "pk": 198}, {"fields": {"home_team": 3, "away_team": 1, "winner": true, "game_no": 159, "stadium": "\u6843\u5712", "date": "2016-07-31T09:04:00Z", "away_team_score": 5, "home_team_score": 7}, "model": "game.game", "pk": 199}, {"fields": {"home_team": 3, "away_team": 1, "winner": false, "game_no": 157, "stadium": "\u6843\u5712", "date": "2016-07-30T09:05:00Z", "away_team_score": 10, "home_team_score": 4}, "model": "game.game", "pk": 200}, {"fields": {"home_team": 3, "away_team": 1, "winner": false, "game_no": 155, "stadium": "\u6843\u5712", "date": "2016-07-29T10:35:00Z", "away_team_score": 10, "home_team_score": 5}, "model": "game.game", "pk": 201}, {"fields": {"home_team": 1, "away_team": 3, "winner": true, "game_no": 150, "stadium": "\u65b0\u838a", "date": "2016-07-24T09:04:00Z", "away_team_score": 8, "home_team_score": 9}, "model": "game.game", "pk": 202}, {"fields": {"home_team": 1, "away_team": 3, "winner": false, "game_no": 148, "stadium": "\u65b0\u838a", "date": "2016-07-23T09:05:00Z", "away_team_score": 13, "home_team_score": 11}, "model": "game.game", "pk": 203}, {"fields": {"home_team": 1, "away_team": 3, "winner": true, "game_no": 146, "stadium": "\u65b0\u838a", "date": "2016-07-22T10:34:00Z", "away_team_score": 2, "home_team_score": 6}, "model": "game.game", "pk": 204}, {"fields": {"home_team": 1, "away_team": 2, "winner": false, "game_no": 144, "stadium": "\u7f85\u6771", "date": "2016-07-21T10:35:00Z", "away_team_score": 22, "home_team_score": 13}, "model": "game.game", "pk": 205}, {"fields": {"home_team": 1, "away_team": 2, "winner": false, "game_no": 142, "stadium": "\u82b1\u84ee", "date": "2016-07-20T10:35:00Z", "away_team_score": 4, "home_team_score": 1}, "model": "game.game", "pk": 206}, {"fields": {"home_team": 3, "away_team": 1, "winner": false, "game_no": 128, "stadium": "\u6843\u5712", "date": "2016-07-06T10:35:00Z", "away_team_score": 9, "home_team_score": 7}, "model": "game.game", "pk": 207}, {"fields": {"home_team": 2, "away_team": 1, "winner": false, "game_no": 109, "stadium": "\u6f84\u6e05\u6e56", "date": "2016-06-26T09:05:00Z", "away_team_score": 5, "home_team_score": 4}, "model": "game.game", "pk": 208}, {"fields": {"home_team": 1, "away_team": 3, "winner": false, "game_no": 32, "stadium": "\u65b0\u838a", "date": "2016-06-18T09:05:00Z", "away_team_score": 13, "home_team_score": 3}, "model": "game.game", "pk": 209}, {"fields": {"home_team": 2, "away_team": 1, "winner": true, "game_no": 5, "stadium": "\u6597\u516d", "date": "2016-06-14T10:35:00Z", "away_team_score": 5, "home_team_score": 11}, "model": "game.game", "pk": 210}, {"fields": {"home_team": 3, "away_team": 1, "winner": false, "game_no": 114, "stadium": "\u6843\u5712", "date": "2016-06-09T09:06:00Z", "away_team_score": 10, "home_team_score": 3}, "model": "game.game", "pk": 211}, {"fields": {"home_team": 3, "away_team": 1, "winner": true, "game_no": 112, "stadium": "\u6843\u5712", "date": "2016-06-08T10:35:00Z", "away_team_score": 9, "home_team_score": 22}, "model": "game.game", "pk": 212}, {"fields": {"home_team": 2, "away_team": 1, "winner": false, "game_no": 107, "stadium": "\u6f84\u6e05\u6e56", "date": "2016-06-04T10:34:00Z", "away_team_score": 13, "home_team_score": 7}, "model": "game.game", "pk": 213}, {"fields": {"home_team": 2, "away_team": 1, "winner": false, "game_no": 105, "stadium": "\u65b0\u7af9", "date": "2016-06-03T10:34:00Z", "away_team_score": 9, "home_team_score": 2}, "model": "game.game", "pk": 214}, {"fields": {"home_team": 1, "away_team": 3, "winner": false, "game_no": 100, "stadium": "\u65b0\u838a", "date": "2016-05-29T09:04:00Z", "away_team_score": 7, "home_team_score": 3}, "model": "game.game", "pk": 215}, {"fields": {"home_team": 1, "away_team": 3, "winner": false, "game_no": 98, "stadium": "\u65b0\u838a", "date": "2016-05-28T09:04:00Z", "away_team_score": 9, "home_team_score": 7}, "model": "game.game", "pk": 216}, {"fields": {"home_team": 1, "away_team": 3, "winner": true, "game_no": 96, "stadium": "\u65b0\u838a", "date": "2016-05-27T11:31:00Z", "away_team_score": 5, "home_team_score": 11}, "model": "game.game", "pk": 217}, {"fields": {"home_team": 1, "away_team": 2, "winner": false, "game_no": 93, "stadium": "\u65b0\u7af9", "date": "2016-05-25T10:34:00Z", "away_team_score": 10, "home_team_score": 9}, "model": "game.game", "pk": 218}, {"fields": {"home_team": 3, "away_team": 1, "winner": true, "game_no": 91, "stadium": "\u6843\u5712", "date": "2016-05-22T09:07:00Z", "away_team_score": 2, "home_team_score": 6}, "model": "game.game", "pk": 219}, {"fields": {"home_team": 3, "away_team": 1, "winner": false, "game_no": 89, "stadium": "\u6843\u5712", "date": "2016-05-21T09:07:00Z", "away_team_score": 9, "home_team_score": 8}, "model": "game.game", "pk": 220}, {"fields": {"home_team": 3, "away_team": 1, "winner": true, "game_no": 87, "stadium": "\u6843\u5712", "date": "2016-05-20T10:36:00Z", "away_team_score": 9, "home_team_score": 10}, "model": "game.game", "pk": 221}, {"fields": {"home_team": 2, "away_team": 1, "winner": false, "game_no": 84, "stadium": "\u5609\u7fa9\u5e02", "date": "2016-05-19T10:35:00Z", "away_team_score": 7, "home_team_score": 5}, "model": "game.game", "pk": 222}, {"fields": {"home_team": 2, "away_team": 1, "winner": true, "game_no": 82, "stadium": "\u6597\u516d", "date": "2016-05-17T10:34:00Z", "away_team_score": 7, "home_team_score": 8}, "model": "game.game", "pk": 223}, {"fields": {"home_team": 1, "away_team": 3, "winner": false, "game_no": 75, "stadium": "\u6d32\u969b", "date": "2016-05-12T10:35:00Z", "away_team_score": 8, "home_team_score": 3}, "model": "game.game", "pk": 224}, {"fields": {"home_team": 1, "away_team": 3, "winner": false, "game_no": 73, "stadium": "\u6d32\u969b", "date": "2016-05-11T10:34:00Z", "away_team_score": 9, "home_team_score": 4}, "model": "game.game", "pk": 225}, {"fields": {"home_team": 1, "away_team": 2, "winner": false, "game_no": 70, "stadium": "\u65b0\u838a", "date": "2016-05-08T09:06:00Z", "away_team_score": 14, "home_team_score": 6}, "model": "game.game", "pk": 226}, {"fields": {"home_team": 1, "away_team": 2, "winner": true, "game_no": 68, "stadium": "\u65b0\u838a", "date": "2016-05-07T09:04:00Z", "away_team_score": 10, "home_team_score": 19}, "model": "game.game", "pk": 227}, {"fields": {"home_team": 1, "away_team": 2, "winner": true, "game_no": 66, "stadium": "\u65b0\u838a", "date": "2016-05-06T10:34:00Z", "away_team_score": 3, "home_team_score": 6}, "model": "game.game", "pk": 228}, {"fields": {"home_team": 2, "away_team": 1, "winner": true, "game_no": 61, "stadium": "\u65b0\u838a", "date": "2016-05-01T09:04:00Z", "away_team_score": 3, "home_team_score": 9}, "model": "game.game", "pk": 229}, {"fields": {"home_team": 2, "away_team": 1, "winner": false, "game_no": 59, "stadium": "\u65b0\u838a", "date": "2016-04-30T09:03:00Z", "away_team_score": 13, "home_team_score": 4}, "model": "game.game", "pk": 230}, {"fields": {"home_team": 2, "away_team": 1, "winner": false, "game_no": 57, "stadium": "\u65b0\u7af9", "date": "2016-04-29T10:35:00Z", "away_team_score": 16, "home_team_score": 9}, "model": "game.game", "pk": 231}, {"fields": {"home_team": 1, "away_team": 3, "winner": true, "game_no": 54, "stadium": "\u6d32\u969b", "date": "2016-04-28T10:36:00Z", "away_team_score": 4, "home_team_score": 11}, "model": "game.game", "pk": 232}, {"fields": {"home_team": 1, "away_team": 3, "winner": false, "game_no": 52, "stadium": "\u5609\u7fa9\u5e02", "date": "2016-04-26T10:35:00Z", "away_team_score": 16, "home_team_score": 5}, "model": "game.game", "pk": 233}, {"fields": {"home_team": 1, "away_team": 2, "winner": true, "game_no": 45, "stadium": "\u6d32\u969b", "date": "2016-04-21T10:36:00Z", "away_team_score": 5, "home_team_score": 10}, "model": "game.game", "pk": 234}, {"fields": {"home_team": 1, "away_team": 2, "winner": true, "game_no": 43, "stadium": "\u6d32\u969b", "date": "2016-04-19T10:36:00Z", "away_team_score": 10, "home_team_score": 11}, "model": "game.game", "pk": 235}, {"fields": {"home_team": 3, "away_team": 1, "winner": true, "game_no": 42, "stadium": "\u6843\u5712", "date": "2016-04-17T10:35:00Z", "away_team_score": 8, "home_team_score": 11}, "model": "game.game", "pk": 236}, {"fields": {"home_team": 3, "away_team": 1, "winner": null, "game_no": 38, "stadium": "\u6843\u5712", "date": "2016-04-17T05:05:00Z", "away_team_score": 12, "home_team_score": 12}, "model": "game.game", "pk": 237}, {"fields": {"home_team": 3, "away_team": 1, "winner": false, "game_no": 40, "stadium": "\u6843\u5712", "date": "2016-04-16T09:07:00Z", "away_team_score": 9, "home_team_score": 7}, "model": "game.game", "pk": 238}, {"fields": {"home_team": 1, "away_team": 3, "winner": false, "game_no": 30, "stadium": "\u65b0\u838a", "date": "2016-04-09T09:04:00Z", "away_team_score": 7, "home_team_score": 2}, "model": "game.game", "pk": 239}, {"fields": {"home_team": 1, "away_team": 3, "winner": null, "game_no": 28, "stadium": "\u65b0\u838a", "date": "2016-04-08T10:35:00Z", "away_team_score": 15, "home_team_score": 15}, "model": "game.game", "pk": 240}, {"fields": {"home_team": 1, "away_team": 2, "winner": true, "game_no": 22, "stadium": "\u6d32\u969b", "date": "2016-04-03T09:06:00Z", "away_team_score": 5, "home_team_score": 11}, "model": "game.game", "pk": 241}, {"fields": {"home_team": 1, "away_team": 2, "winner": true, "game_no": 20, "stadium": "\u6d32\u969b", "date": "2016-04-02T09:09:00Z", "away_team_score": 7, "home_team_score": 8}, "model": "game.game", "pk": 242}, {"fields": {"home_team": 1, "away_team": 2, "winner": true, "game_no": 18, "stadium": "\u6d32\u969b", "date": "2016-04-01T10:37:00Z", "away_team_score": 10, "home_team_score": 16}, "model": "game.game", "pk": 243}, {"fields": {"home_team": 3, "away_team": 1, "winner": false, "game_no": 14, "stadium": "\u6843\u5712", "date": "2016-03-29T10:40:00Z", "away_team_score": 8, "home_team_score": 5}, "model": "game.game", "pk": 244}, {"fields": {"home_team": 2, "away_team": 1, "winner": true, "game_no": 7, "stadium": "\u82b1\u84ee", "date": "2016-03-24T10:35:00Z", "away_team_score": 9, "home_team_score": 10}, "model": "game.game", "pk": 245}, {"fields": {"home_team": 1, "away_team": 2, "winner": false, "game_no": 3, "stadium": "\u65b0\u838a", "date": "2016-03-20T10:37:00Z", "away_team_score": 11, "home_team_score": 0}, "model": "game.game", "pk": 246}, {"fields": {"home_team": 3, "away_team": 1, "winner": false, "game_no": 1, "stadium": "\u6843\u5712", "date": "2016-03-19T09:25:00Z", "away_team_score": 13, "home_team_score": 11}, "model": "game.game", "pk": 247}, {"fields": {"home_team": 1, "away_team": 2, "winner": true, "game_no": 189, "stadium": "\u5929\u6bcd", "date": "2015-10-11T09:04:00Z", "away_team_score": 3, "home_team_score": 7}, "model": "game.game", "pk": 248}, {"fields": {"home_team": 1, "away_team": 3, "winner": true, "game_no": 170, "stadium": "\u5929\u6bcd", "date": "2015-10-10T09:07:00Z", "away_team_score": 7, "home_team_score": 11}, "model": "game.game", "pk": 249}, {"fields": {"home_team": 1, "away_team": 3, "winner": true, "game_no": 181, "stadium": "\u65b0\u7af9", "date": "2015-10-07T10:35:00Z", "away_team_score": 5, "home_team_score": 10}, "model": "game.game", "pk": 250}, {"fields": {"home_team": 1, "away_team": 2, "winner": true, "game_no": 162, "stadium": "\u65b0\u7af9", "date": "2015-10-06T10:35:00Z", "away_team_score": 6, "home_team_score": 9}, "model": "game.game", "pk": 251}, {"fields": {"home_team": 1, "away_team": 3, "winner": false, "game_no": 168, "stadium": "\u6d32\u969b", "date": "2015-10-04T09:05:00Z", "away_team_score": 7, "home_team_score": 6}, "model": "game.game", "pk": 252}, {"fields": {"home_team": 1, "away_team": 3, "winner": true, "game_no": 166, "stadium": "\u6d32\u969b", "date": "2015-10-02T10:34:00Z", "away_team_score": 5, "home_team_score": 6}, "model": "game.game", "pk": 253}, {"fields": {"home_team": 3, "away_team": 1, "winner": true, "game_no": 198, "stadium": "\u6843\u5712", "date": "2015-10-01T10:37:00Z", "away_team_score": 7, "home_team_score": 10}, "model": "game.game", "pk": 254}, {"fields": {"home_team": 3, "away_team": 1, "winner": false, "game_no": 151, "stadium": "\u6843\u5712", "date": "2015-09-30T10:35:00Z", "away_team_score": 12, "home_team_score": 3}, "model": "game.game", "pk": 255}, {"fields": {"home_team": 1, "away_team": 3, "winner": false, "game_no": 239, "stadium": "\u65b0\u838a", "date": "2015-09-27T09:07:00Z", "away_team_score": 11, "home_team_score": 6}, "model": "game.game", "pk": 256}, {"fields": {"home_team": 1, "away_team": 3, "winner": false, "game_no": 237, "stadium": "\u65b0\u838a", "date": "2015-09-26T09:04:00Z", "away_team_score": 9, "home_team_score": 7}, "model": "game.game", "pk": 257}, {"fields": {"home_team": 1, "away_team": 3, "winner": false, "game_no": 235, "stadium": "\u65b0\u838a", "date": "2015-09-25T10:35:00Z", "away_team_score": 9, "home_team_score": 1}, "model": "game.game", "pk": 258}, {"fields": {"home_team": 2, "away_team": 1, "winner": false, "game_no": 229, "stadium": "\u53f0\u5357", "date": "2015-09-20T09:03:00Z", "away_team_score": 13, "home_team_score": 4}, "model": "game.game", "pk": 259}, {"fields": {"home_team": 2, "away_team": 1, "winner": false, "game_no": 227, "stadium": "\u53f0\u5357", "date": "2015-09-19T09:03:00Z", "away_team_score": 17, "home_team_score": 7}, "model": "game.game", "pk": 260}, {"fields": {"home_team": 2, "away_team": 1, "winner": true, "game_no": 225, "stadium": "\u53f0\u5357", "date": "2015-09-18T10:35:00Z", "away_team_score": 2, "home_team_score": 7}, "model": "game.game", "pk": 261}, {"fields": {"home_team": 3, "away_team": 1, "winner": true, "game_no": 224, "stadium": "\u6843\u5712", "date": "2015-09-17T10:36:00Z", "away_team_score": 9, "home_team_score": 11}, "model": "game.game", "pk": 262}, {"fields": {"home_team": 3, "away_team": 1, "winner": true, "game_no": 222, "stadium": "\u6843\u5712", "date": "2015-09-16T10:36:00Z", "away_team_score": 3, "home_team_score": 9}, "model": "game.game", "pk": 263}, {"fields": {"home_team": 1, "away_team": 2, "winner": true, "game_no": 213, "stadium": "\u65b0\u838a", "date": "2015-09-10T10:33:00Z", "away_team_score": 2, "home_team_score": 5}, "model": "game.game", "pk": 264}, {"fields": {"home_team": 1, "away_team": 2, "winner": true, "game_no": 211, "stadium": "\u65b0\u838a", "date": "2015-09-08T10:35:00Z", "away_team_score": 2, "home_team_score": 3}, "model": "game.game", "pk": 265}, {"fields": {"home_team": 2, "away_team": 1, "winner": false, "game_no": 203, "stadium": "\u53f0\u5357", "date": "2015-09-03T10:34:00Z", "away_team_score": 6, "home_team_score": 3}, "model": "game.game", "pk": 266}, {"fields": {"home_team": 2, "away_team": 1, "winner": true, "game_no": 201, "stadium": "\u53f0\u5357", "date": "2015-09-01T10:34:00Z", "away_team_score": 4, "home_team_score": 5}, "model": "game.game", "pk": 267}, {"fields": {"home_team": 3, "away_team": 1, "winner": false, "game_no": 200, "stadium": "\u6843\u5712", "date": "2015-08-30T09:07:00Z", "away_team_score": 7, "home_team_score": 6}, "model": "game.game", "pk": 268}, {"fields": {"home_team": 3, "away_team": 1, "winner": false, "game_no": 196, "stadium": "\u6843\u5712", "date": "2015-08-28T11:13:00Z", "away_team_score": 5, "home_team_score": 2}, "model": "game.game", "pk": 269}, {"fields": {"home_team": 1, "away_team": 2, "winner": false, "game_no": 187, "stadium": "\u5929\u6bcd", "date": "2015-08-22T09:04:00Z", "away_team_score": 6, "home_team_score": 5}, "model": "game.game", "pk": 270}, {"fields": {"home_team": 1, "away_team": 2, "winner": true, "game_no": 185, "stadium": "\u65b0\u838a", "date": "2015-08-21T10:36:00Z", "away_team_score": 5, "home_team_score": 6}, "model": "game.game", "pk": 271}, {"fields": {"home_team": 1, "away_team": 3, "winner": false, "game_no": 183, "stadium": "\u65b0\u838a", "date": "2015-08-20T10:37:00Z", "away_team_score": 6, "home_team_score": 4}, "model": "game.game", "pk": 272}, {"fields": {"home_team": 2, "away_team": 1, "winner": false, "game_no": 180, "stadium": "\u5929\u6bcd", "date": "2015-08-16T09:03:00Z", "away_team_score": 7, "home_team_score": 1}, "model": "game.game", "pk": 273}, {"fields": {"home_team": 2, "away_team": 1, "winner": true, "game_no": 178, "stadium": "\u5929\u6bcd", "date": "2015-08-15T09:03:00Z", "away_team_score": 1, "home_team_score": 11}, "model": "game.game", "pk": 274}, {"fields": {"home_team": 2, "away_team": 1, "winner": true, "game_no": 176, "stadium": "\u65b0\u838a", "date": "2015-08-14T10:34:00Z", "away_team_score": 3, "home_team_score": 8}, "model": "game.game", "pk": 275}, {"fields": {"home_team": 1, "away_team": 2, "winner": null, "game_no": 164, "stadium": "\u65b0\u838a", "date": "2015-08-06T10:34:00Z", "away_team_score": 5, "home_team_score": 5}, "model": "game.game", "pk": 276}, {"fields": {"home_team": 3, "away_team": 1, "winner": false, "game_no": 153, "stadium": "\u6843\u5712", "date": "2015-07-30T10:36:00Z", "away_team_score": 10, "home_team_score": 7}, "model": "game.game", "pk": 277}, {"fields": {"home_team": 2, "away_team": 1, "winner": false, "game_no": 150, "stadium": "\u82b1\u84ee", "date": "2015-07-23T10:35:00Z", "away_team_score": 8, "home_team_score": 7}, "model": "game.game", "pk": 278}, {"fields": {"home_team": 2, "away_team": 1, "winner": true, "game_no": 148, "stadium": "\u82b1\u84ee", "date": "2015-07-22T10:36:00Z", "away_team_score": 4, "home_team_score": 7}, "model": "game.game", "pk": 279}, {"fields": {"home_team": 1, "away_team": 3, "winner": false, "game_no": 140, "stadium": "\u5c4f\u6771", "date": "2015-07-16T10:35:00Z", "away_team_score": 2, "home_team_score": 0}, "model": "game.game", "pk": 280}, {"fields": {"home_team": 1, "away_team": 3, "winner": true, "game_no": 138, "stadium": "\u5609\u7fa9\u5e02", "date": "2015-07-15T10:35:00Z", "away_team_score": 3, "home_team_score": 9}, "model": "game.game", "pk": 281}, {"fields": {"home_team": 1, "away_team": 2, "winner": true, "game_no": 135, "stadium": "\u6d32\u969b", "date": "2015-07-12T09:06:00Z", "away_team_score": 6, "home_team_score": 9}, "model": "game.game", "pk": 282}, {"fields": {"home_team": 1, "away_team": 2, "winner": true, "game_no": 133, "stadium": "\u6d32\u969b", "date": "2015-07-11T09:05:00Z", "away_team_score": 7, "home_team_score": 8}, "model": "game.game", "pk": 283}, {"fields": {"home_team": 1, "away_team": 2, "winner": true, "game_no": 131, "stadium": "\u6d32\u969b", "date": "2015-07-10T10:35:00Z", "away_team_score": 2, "home_team_score": 7}, "model": "game.game", "pk": 284}, {"fields": {"home_team": 3, "away_team": 1, "winner": false, "game_no": 126, "stadium": "\u6843\u5712", "date": "2015-07-05T09:05:00Z", "away_team_score": 13, "home_team_score": 4}, "model": "game.game", "pk": 285}, {"fields": {"home_team": 3, "away_team": 1, "winner": true, "game_no": 124, "stadium": "\u6843\u5712", "date": "2015-07-04T09:04:00Z", "away_team_score": 11, "home_team_score": 15}, "model": "game.game", "pk": 286}, {"fields": {"home_team": 3, "away_team": 1, "winner": false, "game_no": 122, "stadium": "\u6843\u5712", "date": "2015-07-03T10:35:00Z", "away_team_score": 6, "home_team_score": 2}, "model": "game.game", "pk": 287}, {"fields": {"home_team": 3, "away_team": 1, "winner": true, "game_no": 120, "stadium": "\u6843\u5712", "date": "2015-06-14T09:05:00Z", "away_team_score": 3, "home_team_score": 5}, "model": "game.game", "pk": 288}, {"fields": {"home_team": 3, "away_team": 1, "winner": false, "game_no": 118, "stadium": "\u6843\u5712", "date": "2015-06-13T09:06:00Z", "away_team_score": 5, "home_team_score": 3}, "model": "game.game", "pk": 289}, {"fields": {"home_team": 3, "away_team": 1, "winner": true, "game_no": 116, "stadium": "\u6843\u5712", "date": "2015-06-12T10:36:00Z", "away_team_score": 2, "home_team_score": 9}, "model": "game.game", "pk": 290}, {"fields": {"home_team": 1, "away_team": 2, "winner": false, "game_no": 109, "stadium": "\u65b0\u838a", "date": "2015-06-07T09:04:00Z", "away_team_score": 3, "home_team_score": 2}, "model": "game.game", "pk": 291}, {"fields": {"home_team": 1, "away_team": 2, "winner": true, "game_no": 107, "stadium": "\u65b0\u838a", "date": "2015-06-06T10:47:00Z", "away_team_score": 0, "home_team_score": 10}, "model": "game.game", "pk": 292}, {"fields": {"home_team": 1, "away_team": 2, "winner": false, "game_no": 105, "stadium": "\u65b0\u838a", "date": "2015-06-05T10:35:00Z", "away_team_score": 5, "home_team_score": 4}, "model": "game.game", "pk": 293}, {"fields": {"home_team": 1, "away_team": 3, "winner": true, "game_no": 103, "stadium": "\u65b0\u7af9", "date": "2015-06-04T10:36:00Z", "away_team_score": 6, "home_team_score": 10}, "model": "game.game", "pk": 294}, {"fields": {"home_team": 1, "away_team": 3, "winner": true, "game_no": 101, "stadium": "\u65b0\u838a", "date": "2015-06-02T10:35:00Z", "away_team_score": 0, "home_team_score": 11}, "model": "game.game", "pk": 295}, {"fields": {"home_team": 2, "away_team": 1, "winner": true, "game_no": 94, "stadium": "\u53f0\u5357", "date": "2015-05-28T10:35:00Z", "away_team_score": 3, "home_team_score": 6}, "model": "game.game", "pk": 296}, {"fields": {"home_team": 2, "away_team": 1, "winner": true, "game_no": 92, "stadium": "\u53f0\u5357", "date": "2015-05-27T10:36:00Z", "away_team_score": 0, "home_team_score": 6}, "model": "game.game", "pk": 297}, {"fields": {"home_team": 1, "away_team": 2, "winner": true, "game_no": 83, "stadium": "\u65b0\u838a", "date": "2015-05-21T10:35:00Z", "away_team_score": 4, "home_team_score": 5}, "model": "game.game", "pk": 298}, {"fields": {"home_team": 1, "away_team": 2, "winner": false, "game_no": 81, "stadium": "\u65b0\u7af9", "date": "2015-05-19T10:36:00Z", "away_team_score": 8, "home_team_score": 2}, "model": "game.game", "pk": 299}, {"fields": {"home_team": 1, "away_team": 3, "winner": false, "game_no": 80, "stadium": "\u6d32\u969b", "date": "2015-05-17T09:05:00Z", "away_team_score": 11, "home_team_score": 3}, "model": "game.game", "pk": 300}, {"fields": {"home_team": 1, "away_team": 3, "winner": false, "game_no": 78, "stadium": "\u6d32\u969b", "date": "2015-05-16T09:04:00Z", "away_team_score": 2, "home_team_score": 1}, "model": "game.game", "pk": 301}, {"fields": {"home_team": 1, "away_team": 3, "winner": true, "game_no": 76, "stadium": "\u6d32\u969b", "date": "2015-05-15T10:35:00Z", "away_team_score": 8, "home_team_score": 19}, "model": "game.game", "pk": 302}, {"fields": {"home_team": 2, "away_team": 1, "winner": false, "game_no": 69, "stadium": "\u53f0\u5357", "date": "2015-05-10T09:07:00Z", "away_team_score": 6, "home_team_score": 5}, "model": "game.game", "pk": 303}, {"fields": {"home_team": 2, "away_team": 1, "winner": false, "game_no": 67, "stadium": "\u5609\u7fa9\u5e02", "date": "2015-05-09T09:08:00Z", "away_team_score": 6, "home_team_score": 3}, "model": "game.game", "pk": 304}, {"fields": {"home_team": 2, "away_team": 1, "winner": true, "game_no": 65, "stadium": "\u53f0\u5357", "date": "2015-05-08T10:37:00Z", "away_team_score": 1, "home_team_score": 9}, "model": "game.game", "pk": 305}, {"fields": {"home_team": 3, "away_team": 1, "winner": false, "game_no": 63, "stadium": "\u6843\u5712", "date": "2015-05-06T10:36:00Z", "away_team_score": 2, "home_team_score": 1}, "model": "game.game", "pk": 306}, {"fields": {"home_team": 1, "away_team": 2, "winner": false, "game_no": 62, "stadium": "\u5929\u6bcd", "date": "2015-05-03T09:07:00Z", "away_team_score": 4, "home_team_score": 1}, "model": "game.game", "pk": 307}, {"fields": {"home_team": 1, "away_team": 2, "winner": false, "game_no": 60, "stadium": "\u5929\u6bcd", "date": "2015-05-02T09:06:00Z", "away_team_score": 12, "home_team_score": 5}, "model": "game.game", "pk": 308}, {"fields": {"home_team": 1, "away_team": 2, "winner": false, "game_no": 58, "stadium": "\u6d32\u969b", "date": "2015-05-01T10:37:00Z", "away_team_score": 12, "home_team_score": 2}, "model": "game.game", "pk": 309}, {"fields": {"home_team": 3, "away_team": 1, "winner": true, "game_no": 52, "stadium": "\u6843\u5712", "date": "2015-04-26T09:04:00Z", "away_team_score": 4, "home_team_score": 15}, "model": "game.game", "pk": 310}, {"fields": {"home_team": 3, "away_team": 1, "winner": true, "game_no": 50, "stadium": "\u6843\u5712", "date": "2015-04-25T09:04:00Z", "away_team_score": 4, "home_team_score": 6}, "model": "game.game", "pk": 311}, {"fields": {"home_team": 3, "away_team": 1, "winner": true, "game_no": 48, "stadium": "\u6843\u5712", "date": "2015-04-24T10:35:00Z", "away_team_score": 2, "home_team_score": 3}, "model": "game.game", "pk": 312}, {"fields": {"home_team": 2, "away_team": 1, "winner": false, "game_no": 45, "stadium": "\u53f0\u5357", "date": "2015-04-23T10:35:00Z", "away_team_score": 8, "home_team_score": 3}, "model": "game.game", "pk": 313}, {"fields": {"home_team": 2, "away_team": 1, "winner": true, "game_no": 43, "stadium": "\u5c4f\u6771", "date": "2015-04-21T10:35:00Z", "away_team_score": 1, "home_team_score": 13}, "model": "game.game", "pk": 314}, {"fields": {"home_team": 1, "away_team": 3, "winner": true, "game_no": 36, "stadium": "\u6d32\u969b", "date": "2015-04-16T10:36:00Z", "away_team_score": 6, "home_team_score": 9}, "model": "game.game", "pk": 315}, {"fields": {"home_team": 1, "away_team": 3, "winner": true, "game_no": 34, "stadium": "\u6d32\u969b", "date": "2015-04-15T10:35:00Z", "away_team_score": 5, "home_team_score": 7}, "model": "game.game", "pk": 316}, {"fields": {"home_team": 3, "away_team": 1, "winner": false, "game_no": 25, "stadium": "\u6843\u5712", "date": "2015-04-09T10:36:00Z", "away_team_score": 8, "home_team_score": 1}, "model": "game.game", "pk": 317}, {"fields": {"home_team": 2, "away_team": 1, "winner": true, "game_no": 23, "stadium": "\u53f0\u5357", "date": "2015-04-05T09:06:00Z", "away_team_score": 7, "home_team_score": 11}, "model": "game.game", "pk": 318}, {"fields": {"home_team": 2, "away_team": 1, "winner": false, "game_no": 21, "stadium": "\u53f0\u5357", "date": "2015-04-04T09:04:00Z", "away_team_score": 8, "home_team_score": 0}, "model": "game.game", "pk": 319}, {"fields": {"home_team": 2, "away_team": 1, "winner": true, "game_no": 19, "stadium": "\u53f0\u5357", "date": "2015-04-03T09:04:00Z", "away_team_score": 3, "home_team_score": 6}, "model": "game.game", "pk": 320}, {"fields": {"home_team": 1, "away_team": 3, "winner": true, "game_no": 13, "stadium": "\u5929\u6bcd", "date": "2015-03-29T09:05:00Z", "away_team_score": 0, "home_team_score": 6}, "model": "game.game", "pk": 321}, {"fields": {"home_team": 1, "away_team": 3, "winner": true, "game_no": 11, "stadium": "\u5929\u6bcd", "date": "2015-03-28T09:05:00Z", "away_team_score": 6, "home_team_score": 10}, "model": "game.game", "pk": 322}, {"fields": {"home_team": 1, "away_team": 3, "winner": false, "game_no": 9, "stadium": "\u6d32\u969b", "date": "2015-03-27T10:37:00Z", "away_team_score": 11, "home_team_score": 1}, "model": "game.game", "pk": 323}, {"fields": {"home_team": 1, "away_team": 2, "winner": false, "game_no": 7, "stadium": "\u6d32\u969b", "date": "2015-03-26T10:37:00Z", "away_team_score": 2, "home_team_score": 1}, "model": "game.game", "pk": 324}, {"fields": {"home_team": 1, "away_team": 2, "winner": true, "game_no": 5, "stadium": "\u6d32\u969b", "date": "2015-03-25T10:35:00Z", "away_team_score": 6, "home_team_score": 7}, "model": "game.game", "pk": 325}, {"fields": {"home_team": 3, "away_team": 1, "winner": true, "game_no": 2, "stadium": "\u6843\u5712", "date": "2015-03-22T09:08:00Z", "away_team_score": 6, "home_team_score": 14}, "model": "game.game", "pk": 326}, {"fields": {"home_team": 3, "away_team": 1, "winner": false, "game_no": 1, "stadium": "\u6843\u5712", "date": "2015-03-21T09:10:00Z", "away_team_score": 7, "home_team_score": 3}, "model": "game.game", "pk": 327}, {"fields": {"home_team": 3, "away_team": 2, "winner": true, "game_no": 130, "stadium": "\u6843\u5712", "date": "2015-10-12T10:34:00Z", "away_team_score": 5, "home_team_score": 6}, "model": "game.game", "pk": 328}, {"fields": {"home_team": 2, "away_team": 3, "winner": true, "game_no": 193, "stadium": "\u53f0\u5357", "date": "2015-10-08T10:36:00Z", "away_team_score": 5, "home_team_score": 6}, "model": "game.game", "pk": 329}, {"fields": {"home_team": 3, "away_team": 2, "winner": true, "game_no": 233, "stadium": "\u6843\u5712", "date": "2015-09-24T10:35:00Z", "away_team_score": 2, "home_team_score": 13}, "model": "game.game", "pk": 330}, {"fields": {"home_team": 3, "away_team": 2, "winner": true, "game_no": 231, "stadium": "\u6843\u5712", "date": "2015-09-22T10:35:00Z", "away_team_score": 1, "home_team_score": 8}, "model": "game.game", "pk": 331}, {"fields": {"home_team": 2, "away_team": 3, "winner": false, "game_no": 220, "stadium": "\u53f0\u5357", "date": "2015-09-13T09:05:00Z", "away_team_score": 9, "home_team_score": 7}, "model": "game.game", "pk": 332}, {"fields": {"home_team": 2, "away_team": 3, "winner": false, "game_no": 218, "stadium": "\u53f0\u5357", "date": "2015-09-12T09:03:00Z", "away_team_score": 9, "home_team_score": 7}, "model": "game.game", "pk": 333}, {"fields": {"home_team": 2, "away_team": 3, "winner": false, "game_no": 216, "stadium": "\u53f0\u5357", "date": "2015-09-11T10:34:00Z", "away_team_score": 8, "home_team_score": 6}, "model": "game.game", "pk": 334}, {"fields": {"home_team": 3, "away_team": 2, "winner": true, "game_no": 210, "stadium": "\u6843\u5712", "date": "2015-09-06T09:06:00Z", "away_team_score": 2, "home_team_score": 3}, "model": "game.game", "pk": 335}, {"fields": {"home_team": 3, "away_team": 2, "winner": false, "game_no": 208, "stadium": "\u6843\u5712", "date": "2015-09-05T09:06:00Z", "away_team_score": 5, "home_team_score": 3}, "model": "game.game", "pk": 336}, {"fields": {"home_team": 3, "away_team": 2, "winner": true, "game_no": 206, "stadium": "\u6843\u5712", "date": "2015-09-04T10:35:00Z", "away_team_score": 9, "home_team_score": 12}, "model": "game.game", "pk": 337}, {"fields": {"home_team": 2, "away_team": 3, "winner": false, "game_no": 191, "stadium": "\u53f0\u5357", "date": "2015-08-25T10:36:00Z", "away_team_score": 13, "home_team_score": 3}, "model": "game.game", "pk": 338}, {"fields": {"home_team": 2, "away_team": 3, "winner": true, "game_no": 174, "stadium": "\u65b0\u838a", "date": "2015-08-13T10:36:00Z", "away_team_score": 1, "home_team_score": 6}, "model": "game.game", "pk": 339}, {"fields": {"home_team": 2, "away_team": 3, "winner": true, "game_no": 172, "stadium": "\u65b0\u7af9", "date": "2015-08-12T10:36:00Z", "away_team_score": 5, "home_team_score": 6}, "model": "game.game", "pk": 340}, {"fields": {"home_team": 3, "away_team": 2, "winner": true, "game_no": 159, "stadium": "\u6843\u5712", "date": "2015-08-02T09:07:00Z", "away_team_score": 5, "home_team_score": 8}, "model": "game.game", "pk": 341}, {"fields": {"home_team": 3, "away_team": 2, "winner": false, "game_no": 157, "stadium": "\u6843\u5712", "date": "2015-08-01T09:06:00Z", "away_team_score": 8, "home_team_score": 6}, "model": "game.game", "pk": 342}, {"fields": {"home_team": 3, "away_team": 2, "winner": true, "game_no": 155, "stadium": "\u6843\u5712", "date": "2015-07-31T10:35:00Z", "away_team_score": 1, "home_team_score": 8}, "model": "game.game", "pk": 343}, {"fields": {"home_team": 2, "away_team": 3, "winner": true, "game_no": 146, "stadium": "\u5929\u6bcd", "date": "2015-07-19T09:06:00Z", "away_team_score": 4, "home_team_score": 16}, "model": "game.game", "pk": 344}, {"fields": {"home_team": 2, "away_team": 3, "winner": true, "game_no": 144, "stadium": "\u65b0\u838a", "date": "2015-07-18T09:06:00Z", "away_team_score": 5, "home_team_score": 8}, "model": "game.game", "pk": 345}, {"fields": {"home_team": 2, "away_team": 3, "winner": true, "game_no": 142, "stadium": "\u65b0\u838a", "date": "2015-07-17T10:33:00Z", "away_team_score": 7, "home_team_score": 8}, "model": "game.game", "pk": 346}, {"fields": {"home_team": 3, "away_team": 2, "winner": false, "game_no": 128, "stadium": "\u6843\u5712", "date": "2015-07-08T10:35:00Z", "away_team_score": 6, "home_team_score": 5}, "model": "game.game", "pk": 347}, {"fields": {"home_team": 2, "away_team": 3, "winner": true, "game_no": 100, "stadium": "\u5929\u6bcd", "date": "2015-06-27T09:05:00Z", "away_team_score": 0, "home_team_score": 9}, "model": "game.game", "pk": 348}, {"fields": {"home_team": 3, "away_team": 2, "winner": true, "game_no": 90, "stadium": "\u6843\u5712", "date": "2015-06-21T09:04:00Z", "away_team_score": 1, "home_team_score": 5}, "model": "game.game", "pk": 349}, {"fields": {"home_team": 3, "away_team": 2, "winner": true, "game_no": 42, "stadium": "\u6843\u5712", "date": "2015-06-20T09:05:00Z", "away_team_score": 1, "home_team_score": 8}, "model": "game.game", "pk": 350}, {"fields": {"home_team": 3, "away_team": 2, "winner": true, "game_no": 88, "stadium": "\u6843\u5712", "date": "2015-06-19T09:05:00Z", "away_team_score": 2, "home_team_score": 3}, "model": "game.game", "pk": 351}, {"fields": {"home_team": 3, "away_team": 2, "winner": true, "game_no": 114, "stadium": "\u6843\u5712", "date": "2015-06-11T10:36:00Z", "away_team_score": 3, "home_team_score": 6}, "model": "game.game", "pk": 352}, {"fields": {"home_team": 3, "away_team": 2, "winner": true, "game_no": 112, "stadium": "\u6843\u5712", "date": "2015-06-10T10:36:00Z", "away_team_score": 2, "home_team_score": 7}, "model": "game.game", "pk": 353}, {"fields": {"home_team": 2, "away_team": 3, "winner": false, "game_no": 98, "stadium": "\u53f0\u5357", "date": "2015-05-30T09:06:00Z", "away_team_score": 8, "home_team_score": 1}, "model": "game.game", "pk": 354}, {"fields": {"home_team": 2, "away_team": 3, "winner": true, "game_no": 96, "stadium": "\u53f0\u5357", "date": "2015-05-29T10:36:00Z", "away_team_score": 2, "home_team_score": 3}, "model": "game.game", "pk": 355}, {"fields": {"home_team": 3, "away_team": 2, "winner": true, "game_no": 86, "stadium": "\u6843\u5712", "date": "2015-05-22T10:36:00Z", "away_team_score": 8, "home_team_score": 12}, "model": "game.game", "pk": 356}, {"fields": {"home_team": 2, "away_team": 3, "winner": false, "game_no": 74, "stadium": "\u53f0\u5357", "date": "2015-05-14T10:35:00Z", "away_team_score": 10, "home_team_score": 8}, "model": "game.game", "pk": 357}, {"fields": {"home_team": 2, "away_team": 3, "winner": false, "game_no": 72, "stadium": "\u53f0\u5357", "date": "2015-05-13T10:36:00Z", "away_team_score": 11, "home_team_score": 9}, "model": "game.game", "pk": 358}, {"fields": {"home_team": 2, "away_team": 3, "winner": true, "game_no": 55, "stadium": "\u6597\u516d", "date": "2015-04-30T10:34:00Z", "away_team_score": 0, "home_team_score": 1}, "model": "game.game", "pk": 359}, {"fields": {"home_team": 2, "away_team": 3, "winner": false, "game_no": 53, "stadium": "\u5c4f\u6771", "date": "2015-04-28T10:35:00Z", "away_team_score": 4, "home_team_score": 0}, "model": "game.game", "pk": 360}, {"fields": {"home_team": 3, "away_team": 2, "winner": false, "game_no": 40, "stadium": "\u6843\u5712", "date": "2015-04-18T09:04:00Z", "away_team_score": 3, "home_team_score": 2}, "model": "game.game", "pk": 361}, {"fields": {"home_team": 3, "away_team": 2, "winner": true, "game_no": 38, "stadium": "\u6843\u5712", "date": "2015-04-17T10:35:00Z", "away_team_score": 6, "home_team_score": 11}, "model": "game.game", "pk": 362}, {"fields": {"home_team": 2, "away_team": 3, "winner": false, "game_no": 32, "stadium": "\u53f0\u5357", "date": "2015-04-12T09:05:00Z", "away_team_score": 8, "home_team_score": 3}, "model": "game.game", "pk": 363}, {"fields": {"home_team": 2, "away_team": 3, "winner": false, "game_no": 30, "stadium": "\u53f0\u5357", "date": "2015-04-11T09:10:00Z", "away_team_score": 8, "home_team_score": 7}, "model": "game.game", "pk": 364}, {"fields": {"home_team": 2, "away_team": 3, "winner": true, "game_no": 28, "stadium": "\u53f0\u5357", "date": "2015-04-10T10:35:00Z", "away_team_score": 10, "home_team_score": 12}, "model": "game.game", "pk": 365}, {"fields": {"home_team": 3, "away_team": 2, "winner": true, "game_no": 16, "stadium": "\u6843\u5712", "date": "2015-04-02T10:34:00Z", "away_team_score": 2, "home_team_score": 8}, "model": "game.game", "pk": 366}, {"fields": {"home_team": 3, "away_team": 2, "winner": true, "game_no": 14, "stadium": "\u6843\u5712", "date": "2015-03-31T10:37:00Z", "away_team_score": 1, "home_team_score": 3}, "model": "game.game", "pk": 367}, {"fields": {"home_team": 2, "away_team": 3, "winner": true, "game_no": 183, "stadium": "\u6597\u516d", "date": "2016-10-13T10:34:00Z", "away_team_score": 4, "home_team_score": 22}, "model": "game.game", "pk": 368}, {"fields": {"home_team": 3, "away_team": 2, "winner": true, "game_no": 222, "stadium": "\u6843\u5712", "date": "2016-10-01T09:04:00Z", "away_team_score": 4, "home_team_score": 6}, "model": "game.game", "pk": 369}, {"fields": {"home_team": 2, "away_team": 3, "winner": true, "game_no": 239, "stadium": "\u53f0\u5357", "date": "2016-09-25T09:04:00Z", "away_team_score": 5, "home_team_score": 18}, "model": "game.game", "pk": 370}, {"fields": {"home_team": 2, "away_team": 3, "winner": true, "game_no": 237, "stadium": "\u53f0\u5357", "date": "2016-09-24T09:02:00Z", "away_team_score": 5, "home_team_score": 6}, "model": "game.game", "pk": 371}, {"fields": {"home_team": 2, "away_team": 3, "winner": false, "game_no": 235, "stadium": "\u53f0\u5357", "date": "2016-09-23T10:37:00Z", "away_team_score": 11, "home_team_score": 1}, "model": "game.game", "pk": 372}, {"fields": {"home_team": 3, "away_team": 2, "winner": true, "game_no": 224, "stadium": "\u6843\u5712", "date": "2016-09-15T09:05:00Z", "away_team_score": 1, "home_team_score": 11}, "model": "game.game", "pk": 373}, {"fields": {"home_team": 3, "away_team": 2, "winner": false, "game_no": 200, "stadium": "\u6843\u5712", "date": "2016-08-28T09:05:00Z", "away_team_score": 2, "home_team_score": 1}, "model": "game.game", "pk": 374}, {"fields": {"home_team": 3, "away_team": 2, "winner": false, "game_no": 198, "stadium": "\u6843\u5712", "date": "2016-08-27T09:07:00Z", "away_team_score": 16, "home_team_score": 9}, "model": "game.game", "pk": 375}, {"fields": {"home_team": 3, "away_team": 2, "winner": true, "game_no": 196, "stadium": "\u6843\u5712", "date": "2016-08-26T10:35:00Z", "away_team_score": 2, "home_team_score": 9}, "model": "game.game", "pk": 376}, {"fields": {"home_team": 2, "away_team": 3, "winner": true, "game_no": 181, "stadium": "\u5609\u7fa9\u5e02", "date": "2016-08-16T10:34:00Z", "away_team_score": 4, "home_team_score": 8}, "model": "game.game", "pk": 377}, {"fields": {"home_team": 2, "away_team": 3, "winner": false, "game_no": 170, "stadium": "\u53f0\u5357", "date": "2016-08-07T09:05:00Z", "away_team_score": 5, "home_team_score": 3}, "model": "game.game", "pk": 378}, {"fields": {"home_team": 2, "away_team": 3, "winner": false, "game_no": 168, "stadium": "\u53f0\u5357", "date": "2016-08-06T09:05:00Z", "away_team_score": 8, "home_team_score": 2}, "model": "game.game", "pk": 379}, {"fields": {"home_team": 2, "away_team": 3, "winner": false, "game_no": 166, "stadium": "\u53f0\u5357", "date": "2016-08-05T10:34:00Z", "away_team_score": 9, "home_team_score": 8}, "model": "game.game", "pk": 380}, {"fields": {"home_team": 3, "away_team": 2, "winner": true, "game_no": 153, "stadium": "\u6843\u5712", "date": "2016-07-28T10:37:00Z", "away_team_score": 9, "home_team_score": 14}, "model": "game.game", "pk": 381}, {"fields": {"home_team": 3, "away_team": 2, "winner": false, "game_no": 151, "stadium": "\u6843\u5712", "date": "2016-07-26T10:35:00Z", "away_team_score": 6, "home_team_score": 1}, "model": "game.game", "pk": 382}, {"fields": {"home_team": 2, "away_team": 3, "winner": false, "game_no": 140, "stadium": "\u82b1\u84ee", "date": "2016-07-14T10:35:00Z", "away_team_score": 10, "home_team_score": 2}, "model": "game.game", "pk": 383}, {"fields": {"home_team": 2, "away_team": 3, "winner": false, "game_no": 138, "stadium": "\u82b1\u84ee", "date": "2016-07-13T10:39:00Z", "away_team_score": 10, "home_team_score": 9}, "model": "game.game", "pk": 384}, {"fields": {"home_team": 3, "away_team": 2, "winner": true, "game_no": 126, "stadium": "\u6843\u5712", "date": "2016-07-03T09:07:00Z", "away_team_score": 6, "home_team_score": 7}, "model": "game.game", "pk": 385}, {"fields": {"home_team": 3, "away_team": 2, "winner": false, "game_no": 124, "stadium": "\u6843\u5712", "date": "2016-07-02T10:05:00Z", "away_team_score": 18, "home_team_score": 11}, "model": "game.game", "pk": 386}, {"fields": {"home_team": 3, "away_team": 2, "winner": true, "game_no": 122, "stadium": "\u6843\u5712", "date": "2016-07-01T10:34:00Z", "away_team_score": 3, "home_team_score": 4}, "model": "game.game", "pk": 387}, {"fields": {"home_team": 2, "away_team": 3, "winner": true, "game_no": 36, "stadium": "\u65b0\u7af9", "date": "2016-06-17T10:35:00Z", "away_team_score": 5, "home_team_score": 6}, "model": "game.game", "pk": 388}, {"fields": {"home_team": 2, "away_team": 3, "winner": true, "game_no": 34, "stadium": "\u65b0\u7af9", "date": "2016-06-16T10:32:00Z", "away_team_score": 6, "home_team_score": 7}, "model": "game.game", "pk": 389}, {"fields": {"home_team": 3, "away_team": 2, "winner": true, "game_no": 120, "stadium": "\u6843\u5712", "date": "2016-06-12T09:41:00Z", "away_team_score": 6, "home_team_score": 9}, "model": "game.game", "pk": 390}, {"fields": {"home_team": 3, "away_team": 2, "winner": false, "game_no": 116, "stadium": "\u6843\u5712", "date": "2016-06-12T05:05:00Z", "away_team_score": 8, "home_team_score": 2}, "model": "game.game", "pk": 391}, {"fields": {"home_team": 3, "away_team": 2, "winner": true, "game_no": 118, "stadium": "\u6843\u5712", "date": "2016-06-11T09:06:00Z", "away_team_score": 4, "home_team_score": 7}, "model": "game.game", "pk": 392}, {"fields": {"home_team": 2, "away_team": 3, "winner": true, "game_no": 103, "stadium": "\u65b0\u7af9", "date": "2016-06-02T10:35:00Z", "away_team_score": 4, "home_team_score": 6}, "model": "game.game", "pk": 393}, {"fields": {"home_team": 2, "away_team": 3, "winner": true, "game_no": 101, "stadium": "\u6597\u516d", "date": "2016-05-31T10:36:00Z", "away_team_score": 4, "home_team_score": 10}, "model": "game.game", "pk": 394}, {"fields": {"home_team": 2, "away_team": 3, "winner": false, "game_no": 81, "stadium": "\u53f0\u5357", "date": "2016-05-15T09:11:00Z", "away_team_score": 8, "home_team_score": 4}, "model": "game.game", "pk": 395}, {"fields": {"home_team": 2, "away_team": 3, "winner": true, "game_no": 79, "stadium": "\u53f0\u5357", "date": "2016-05-14T09:05:00Z", "away_team_score": 2, "home_team_score": 6}, "model": "game.game", "pk": 396}, {"fields": {"home_team": 2, "away_team": 3, "winner": false, "game_no": 77, "stadium": "\u53f0\u5357", "date": "2016-05-13T10:37:00Z", "away_team_score": 5, "home_team_score": 3}, "model": "game.game", "pk": 397}, {"fields": {"home_team": 3, "away_team": 2, "winner": false, "game_no": 65, "stadium": "\u6843\u5712", "date": "2016-05-05T10:34:00Z", "away_team_score": 15, "home_team_score": 3}, "model": "game.game", "pk": 398}, {"fields": {"home_team": 3, "away_team": 2, "winner": false, "game_no": 63, "stadium": "\u6843\u5712", "date": "2016-05-04T10:35:00Z", "away_team_score": 10, "home_team_score": 4}, "model": "game.game", "pk": 399}, {"fields": {"home_team": 3, "away_team": 2, "winner": true, "game_no": 51, "stadium": "\u6843\u5712", "date": "2016-04-24T09:04:00Z", "away_team_score": 3, "home_team_score": 4}, "model": "game.game", "pk": 400}, {"fields": {"home_team": 3, "away_team": 2, "winner": true, "game_no": 49, "stadium": "\u6843\u5712", "date": "2016-04-23T09:05:00Z", "away_team_score": 6, "home_team_score": 9}, "model": "game.game", "pk": 401}, {"fields": {"home_team": 3, "away_team": 2, "winner": false, "game_no": 47, "stadium": "\u6843\u5712", "date": "2016-04-22T10:35:00Z", "away_team_score": 10, "home_team_score": 3}, "model": "game.game", "pk": 402}, {"fields": {"home_team": 3, "away_team": 2, "winner": true, "game_no": 25, "stadium": "\u6843\u5712", "date": "2016-04-07T10:35:00Z", "away_team_score": 7, "home_team_score": 12}, "model": "game.game", "pk": 403}, {"fields": {"home_team": 3, "away_team": 2, "winner": false, "game_no": 23, "stadium": "\u6843\u5712", "date": "2016-04-05T09:03:00Z", "away_team_score": 6, "home_team_score": 2}, "model": "game.game", "pk": 404}, {"fields": {"home_team": 2, "away_team": 3, "winner": false, "game_no": 13, "stadium": "\u5609\u7fa9\u5e02", "date": "2016-03-27T09:17:00Z", "away_team_score": 14, "home_team_score": 6}, "model": "game.game", "pk": 405}, {"fields": {"home_team": 2, "away_team": 3, "winner": true, "game_no": 9, "stadium": "\u5609\u7fa9\u5e02", "date": "2016-03-27T05:03:00Z", "away_team_score": 1, "home_team_score": 2}, "model": "game.game", "pk": 406}, {"fields": {"home_team": 2, "away_team": 3, "winner": false, "game_no": 11, "stadium": "\u6597\u516d", "date": "2016-03-26T09:04:00Z", "away_team_score": 11, "home_team_score": 7}, "model": "game.game", "pk": 407}, {"fields": {"home_team": 2, "away_team": 1, "winner": false, "game_no": 999, "stadium": "aaa", "date": "2017-04-27T04:00:00Z", "away_team_score": 10, "home_team_score": 5}, "model": "game.game", "pk": 408}, {"fields": {"home_team": 2, "away_team": 1, "winner": false, "game_no": 52, "stadium": "\u6d32\u969b", "date": "2017-04-30T09:05:00Z", "away_team_score": 15, "home_team_score": 3}, "model": "game.game", "pk": 409}, {"fields": {"home_team": 2, "away_team": 1, "winner": false, "game_no": 50, "stadium": "\u6d32\u969b", "date": "2017-04-29T09:06:00Z", "away_team_score": 9, "home_team_score": 2}, "model": "game.game", "pk": 410}, {"fields": {"home_team": 2, "away_team": 1, "winner": false, "game_no": 48, "stadium": "\u53f0\u5357", "date": "2017-04-28T10:34:00Z", "away_team_score": 7, "home_team_score": 4}, "model": "game.game", "pk": 411}, {"fields": {"home_team": 4, "away_team": 2, "winner": false, "game_no": 53, "stadium": "\u65b0\u838a", "date": "2017-05-02T10:34:00Z", "away_team_score": 10, "home_team_score": 1}, "model": "game.game", "pk": 412}, {"fields": {"home_team": 2, "away_team": 3, "winner": false, "game_no": 46, "stadium": "\u53f0\u5357", "date": "2017-04-27T10:32:00Z", "away_team_score": 4, "home_team_score": 1}, "model": "game.game", "pk": 413}, {"fields": {"home_team": 4, "away_team": 3, "winner": true, "game_no": 51, "stadium": "\u65b0\u838a", "date": "2017-04-30T09:05:00Z", "away_team_score": 2, "home_team_score": 3}, "model": "game.game", "pk": 414}, {"fields": {"home_team": 4, "away_team": 3, "winner": true, "game_no": 49, "stadium": "\u65b0\u838a", "date": "2017-04-29T09:05:00Z", "away_team_score": 0, "home_team_score": 4}, "model": "game.game", "pk": 415}, {"fields": {"home_team": 4, "away_team": 3, "winner": false, "game_no": 47, "stadium": "\u65b0\u838a", "date": "2017-04-28T10:34:00Z", "away_team_score": 10, "home_team_score": 0}, "model": "game.game", "pk": 416}, {"fields": {"home_team": 4, "away_team": 2, "winner": null, "game_no": 998, "stadium": "abc", "date": "2017-05-04T10:00:00Z", "away_team_score": null, "home_team_score": null}, "model": "game.game", "pk": 417}, {"fields": {"home_team": 1, "away_team": 2, "winner": null, "game_no": 997, "stadium": "cba", "date": "2017-05-04T11:30:00Z", "away_team_score": null, "home_team_score": null}, "model": "game.game", "pk": 418}, {"fields": {"username": "Lavender", "first_name": "", "last_name": "", "level": 1, "is_active": true, "nlp_wp": 0, "coin": 9957, "lp_wp": 100, "bs_wp": 100, "is_superuser": true, "is_staff": true, "last_login": "2017-05-10T06:03:59.807Z", "groups": [], "team": 1, "user_permissions": [], "wdp_wp": 100, "all_wp": 75, "password": "pbkdf2_sha256$20000$Ka78fRSsgn8D$DUBcJbhaPFq+KSW2XTj+9XmFAcomwqGSAwTfipOLC8E=", "email": "lavender15963j@gmail.com", "date_joined": "2017-02-17T12:02:00Z"}, "model": "main.user", "pk": 1}, {"fields": {"username": "Test001", "first_name": "", "last_name": "", "level": 1, "is_active": true, "nlp_wp": 0, "coin": 9985, "lp_wp": 100, "bs_wp": 100, "is_superuser": true, "is_staff": true, "last_login": "2017-05-04T02:35:25.047Z", "groups": [], "team": 2, "user_permissions": [], "wdp_wp": 0, "all_wp": 50, "password": "pbkdf2_sha256$20000$h6ngwMxjWfj8$khif9jEfqGPo4HFhp+lhjJ1ALFjfVekD1GvDJqohrrk=", "email": "103306029@nccu.edu.tw", "date_joined": "2017-03-05T14:16:00Z"}, "model": "main.user", "pk": 2}, {"fields": {"username": "ivy86085", "first_name": "", "last_name": "", "level": 1, "is_active": false, "nlp_wp": null, "coin": 4, "lp_wp": null, "bs_wp": null, "is_superuser": false, "is_staff": false, "last_login": null, "groups": [], "team": null, "user_permissions": [], "wdp_wp": null, "all_wp": null, "password": "pbkdf2_sha256$20000$hwj28TMTAvX4$ggtNBLrmk5kyoPo3qACAH0tJpVkq/mB/sy2dMAPAMUY=", "email": "abcde176@wxyz.com", "date_joined": "2017-03-05T15:22:06.544Z"}, "model": "main.user", "pk": 3}, {"fields": {"username": "greg", "first_name": "", "last_name": "", "level": 1, "is_active": true, "nlp_wp": null, "coin": 4, "lp_wp": null, "bs_wp": null, "is_superuser": true, "is_staff": true, "last_login": "2017-03-06T02:08:00Z", "groups": [], "team": 1, "user_permissions": [], "wdp_wp": null, "all_wp": null, "password": "pbkdf2_sha256$20000$nX3e7yqYpC0y$6vhDkssib3trbUQzp0YX56PrLV8nrSQTvfiKOxJG8+8=", "email": "greg850820@gmail.com", "date_joined": "2017-03-05T16:16:00Z"}, "model": "main.user", "pk": 4}, {"fields": {"username": "Lavender01", "first_name": "", "last_name": "", "level": 1, "is_active": true, "nlp_wp": null, "coin": 4, "lp_wp": null, "bs_wp": null, "is_superuser": true, "is_staff": true, "last_login": "2017-03-15T10:30:20.406Z", "groups": [], "team": null, "user_permissions": [], "wdp_wp": null, "all_wp": null, "password": "pbkdf2_sha256$20000$j9dUQaDIIft0$C03A4hpX+fgcAWQJct75MgOWm1zYuEvwf1Lol8X1zNc=", "email": "sad@yahoo.com.tw", "date_joined": "2017-03-15T10:29:36.871Z"}, "model": "main.user", "pk": 5}, {"fields": {"username": "Test003", "first_name": "", "last_name": "", "level": 1, "is_active": true, "nlp_wp": 50, "coin": 4, "lp_wp": 50, "bs_wp": 50, "is_superuser": false, "is_staff": false, "last_login": "2017-04-26T15:19:00Z", "groups": [], "team": 3, "user_permissions": [], "wdp_wp": 50, "all_wp": 50, "password": "pbkdf2_sha256$20000$vGXwlsw1kp9w$r2Fo1YauyINf6NrT8FeffvcJa8mDsj8CT0Dxcl8EfjU=", "email": "test3@gmail.com", "date_joined": "2017-04-26T15:19:00Z"}, "model": "main.user", "pk": 6}, {"fields": {"code": "E02", "name": "\u4e2d\u4fe1\u5144\u5f1f", "URL": "http://www.brothers.tw/", "width_field": 426, "height_field": 426, "Coach": "\u5433\u5fa9\u9023", "date": "1984-08-31T16:00:00Z", "image": "./B_logo.jpg", "description": "\u4e2d\u4fe1\u5144\u5f1f\u662f\u4e00\u652f\u53f0\u7063\u8077\u696d\u68d2\u7403\u968a\uff0c\u4e5f\u662f\u4e2d\u83ef\u8077\u68d2\u65e9\u671f\u4ee5\u81fa\u5317\u70ba\u6d3b\u52d5\u4e2d\u5fc3\uff08\u4eca\u4ee5\u81fa\u4e2d\u70ba\u6d3b\u52d5\u4e2d\u5fc3\uff09\u7684\u7403\u968a\uff0c\u4e5f\u662f\u4e2d\u83ef\u6c11\u570b\u8077\u696d\u68d2\u7403\u53f2\u4e0a\u7b2c\u4e00\u652f\u53d6\u5f973\u9023\u9738\u738b\u671d\u7684\u7403\u968a\uff0c\u66f4\u662f\u4e2d\u83ef\u8077\u68d2\u6709\u53f2\u4ee5\u4f86\u552f\u4e00\u4e00\u500b\u91d1\u51a0\u8ecd\u7403\u968a\uff081992\u5e74\uff09\u3002\u8077\u68d2\u521d\u671f\u5728\u7d93\u71df\u548c\u7403\u5834\u6d3b\u52d5\u4e0a\u9817\u6709\u5275\u8209\uff0c\u76ee\u524d\u4e2d\u83ef\u8077\u68d2\u5c01\u738b\u62cb\u5f69\u5e36\u7684\u50b3\u7d71\u5373\u70ba\u5144\u5f1f\u9996\u5275\u3002\u7531\u83ef\u7ffc\u80b2\u6a02\u6709\u9650\u516c\u53f8\u7d93\u71df\uff0c\u4e3b\u8981\u8d0a\u52a9\u5546\u70ba\u4e2d\u4fe1\u91d1\u63a7\u3002\u524d\u8eab\u70ba\u5144\u5f1f\u5927\u98ef\u5e97\u7d93\u71df\u7684\u5144\u5f1f\u8c61\uff0c2014\u5e741\u67085\u65e5\u66f4\u70ba\u4e2d\u4fe1\u5144\u5f1f\u3002\r\n\r\n\u7403\u5718\u524d\u8eab\u70ba\u5144\u5f1f\u8c61\u968a\uff0c\u7403\u968a\u7403\u54e1\u4ea6\u4f86\u81ea\u539f\u5144\u5f1f\u8c61\u968a\uff0c\u7403\u968a\u4f5c\u98a8\u4ee5\u65e5\u5f0f\u7d30\u81a9\u7403\u98a8\u70ba\u4e3b\u8ef8\uff0c\u66f4\u56e0\u5e38\u5e38\u5728\u6bd4\u8cfd\u5f8c\u534a\u6bb5\u6bd4\u6578\u843d\u5f8c\u6642\u6025\u8d77\u76f4\u8ffd\uff0c\u5448\u73fe\u51fa\u6c38\u4e0d\u653e\u68c4\u7684\u7cbe\u795e\uff0c\u52a0\u4e0a\u591a\u6578\u660e\u661f\u7403\u54e1\u70ba\u4eba\u8b19\u905c\u4e0d\u9a55\u50b2\uff0c\u5f71\u97ff\u53ca\u611f\u52d5\u4e86\u8a31\u591a\u4e0d\u540c\u4e16\u4ee3\u7684\u7403\u8ff7\uff0c\u4f7f\u8a72\u968a\u7684\u652f\u6301\u8005\u5fe0\u8aa0\u5ea6\u5f9e\u5275\u968a\u5230\u73fe\u4eca\u4e00\u76f4\u76f8\u7576\u7a69\u5b9a\u3002\u7403\u968a\u5c0d\u65bc\u7403\u54e1\u53ca\u5de5\u4f5c\u4eba\u54e1\u7684\u79c1\u5fb7\u53ca\u54c1\u884c\u8981\u6c42\u70ba\u773e\u7403\u5718\u4e2d\u6578\u4e00\u6578\u4e8c\uff0c\u7403\u54e1\u88ab\u8981\u6c42\u9700\u4ee5\u79ae\u5c0d\u5f85\u8863\u98df\u7236\u6bcd\u822c\u7684\u7403\u8ff7\uff0c\u4e26\u5236\u5b9a\u4e86\u76f8\u95dc\u7684\u596c\u61f2\u898f\u7bc4\uff0c\u56b4\u8b39\u7684\u50b3\u7d71\u4f5c\u98a8\uff0c\u7d93\u7531\u4e0d\u540c\u5a92\u4ecb\u4e0a\u7684\u5927\u91cf\u66dd\u5149\uff0c\u6210\u70ba\u6b64\u968a\u5728\u8a31\u591a\u89c0\u773e\u9593\u7684\u5171\u540c\u5370\u8c61\u3002\r\n\r\n"}, "model": "team.team", "pk": 1}, {"fields": {"code": "L01", "name": "\u7d71\u4e007-ELEVEn\u7345", "URL": "http://www.uni-lions.com.tw/", "width_field": 540, "height_field": 471, "Coach": "\u9ec3\u7518\u9716", "date": "1988-12-31T16:00:00Z", "image": "./U_logo.png", "description": "\u7d71\u4e007-ELEVEn\u7345\u70ba\u53f0\u7063\u8077\u696d\u68d2\u7403\u968a\uff0c\u901a\u5e38\u7c21\u7a31\u7d71\u4e00\u7345\uff0c\u7531\u7d71\u4e00\u68d2\u7403\u968a\u80a1\u4efd\u6709\u9650\u516c\u53f8\u7d93\u71df\uff0c\u662f\u4e2d\u83ef\u8077\u68d2\u958b\u5275\u81f3\u4eca\u552f\u4e00\u78a9\u679c\u50c5\u5b58\u7684\u5143\u8001\u7403\u968a\u3002\u7d71\u4e00\u7345\u65bc\u806f\u76df\u958b\u5e55\u6230\u4e2d\u64ca\u6557\u5144\u5f1f\u8c61\uff0c\u6210\u70ba\u4e2d\u83ef\u8077\u68d2\u9996\u652f\u7372\u52dd\u7403\u968a\u3002\r\n\r\n\u7d71\u4e00\u7345\u7684\u524d\u8eab\u70ba1989\u5e74\u5275\u7acb\u7684\u7d71\u4e00\u68d2\u7403\u968a\u30021990\u5e74\u4e2d\u83ef\u8077\u68d2\u6210\u7acb\uff0c\u7d71\u4e00\u68d2\u7403\u968a\u62bd\u7c64\u6c7a\u5b9a\u4ee5\u7345\u70ba\u5409\u7965\u7269\uff0c\u9042\u6539\u540d\u70ba\u7d71\u4e00\u7345\uff0c\u6210\u70ba4\u652f\u5275\u59cb\u7403\u968a\u4e4b\u4e00\u30022008\u5e74\uff0c\u6bcd\u4f01\u696d\u7d71\u4e00\u4f01\u696d\u6709\u9451\u65bc\u7d71\u4e00\u8d85\u55467-Eleven\u70ba\u53f0\u7063\u6700\u77e5\u540d\u4e4b\u7d71\u4e00\u96c6\u5718\u95dc\u4fc2\u4f01\u696d\uff0c\u6307\u793a\u7d71\u4e00\u7345\u5c07\u5ba2\u5834\u7403\u8863\u4e3b\u984c\u5b57\u6539\u70ba7-Eleven\u5546\u6a19\u5b57\u9ad4\uff1b\u4f46\u4e2d\u83ef\u8077\u68d2\u898f\u5b9a\u7403\u8863\u4e3b\u984c\u5b57\u53ea\u80fd\u4f7f\u7528\u968a\u540d\uff0c\u65bc\u662f\u7403\u5718\u65bc2\u670821\u65e5\u8a3b\u518a\u968a\u540d\u66f4\u6539\u70ba\u7d71\u4e007-ELEVEn\u7345\uff0c\u6210\u70ba\u4e2d\u83ef\u8077\u68d2\u9996\u6b21\u6709\u4f01\u696d\u54c1\u724c\u540d\u7a31\u52a0\u5165\u968a\u540d\u7684\u7403\u968a\u3002\r\n\r\n\u7531\u65bc\u7403\u968a\u6bcd\u4f01\u696d\u7d71\u4e00\u4f01\u696d\u7e3d\u516c\u53f8\u8a2d\u65bc\u81fa\u5357\u5e02\u6c38\u5eb7\u5340\uff0c\u6545\u7d71\u4e00\u7345\u4ee5\u53f0\u5357\u5730\u5340\u70ba\u7403\u968a\u6839\u64da\u5730\uff0c\u65bc\u7576\u5730\u4ea6\u6709\u773e\u591a\u7684\u7403\u8ff7\u3002\u7d71\u4e00\u7345\u65bc1999\u5e74\u8a8d\u990a\u81fa\u5357\u5e02\u7acb\u68d2\u7403\u5834\uff0c\u53d6\u5f97\u7d93\u71df\u6b0a\u30021997\u5e74\u53f0\u7063\u5927\u806f\u76df\u6210\u7acb\u4ee5\u524d\u70ba\u5168\u53f0\u7063\u552f\u4e00\u7684\u5357\u90e8\u8077\u68d2\u7403\u968a\uff0c\u6709\u300c\u5357\u9738\u5929\u300d\u4e4b\u7a31\u3002\r\n\r\n\u7d71\u4e00\u7345\u6230\u529b\u7a69\u5b9a\uff0c\u96642002\u5e74\u30012010\u5e74\u82072015\u5e74\u5c48\u5c45\u588a\u5e95\u5916\uff0c\u6bcf\u5e74\u7684\u5e74\u5ea6\u6230\u7e3e\u6392\u540d\u7686\u5728\u524d\u4e09\u540d\u4e4b\u5167\uff0c\u76ee\u524d\u4e5f\u662f\u4e2d\u83ef\u8077\u68d2\u6700\u591a\u52dd\u5834\u3001\u6700\u9ad8\u52dd\u7387\u3001\u53c3\u8207\u5b63\u5f8c\u8cfd\u6b21\u6578\u6700\u591a\u3001\u5168\u58d8\u6253\u6700\u591a\uff0c\u548c\u62ff\u4e0b\u6700\u591a\u53f0\u7063\u5927\u8cfd\u51a0\u8ecd\u7684\u7403\u968a\uff0c\u582a\u7a31\u4e2d\u8077\u76f8\u7576\u6210\u529f\u7684\u7403\u968a\u3002\r\n\r\n\r\n\u7d71\u4e007-Eleven\u7345\u7684\u5409\u7965\u7269 - \u840a\u6069\r\n\u672a\u4f86\u7d71\u4e007-11\u7345\u968a\u8a8d\u990a\u53f0\u5357\u5169\u5bb6\u68d2\u7403\u5834\u6709\u81fa\u5357\u5e02\u7acb\u68d2\u7403\u5834\u4ee5\u53ca\u81fa\u5357\u4e9e\u592a\u570b\u969b\u68d2\u7403\u5834\u5169\u5bb6\u4e3b\u5834"}, "model": "team.team", "pk": 2}, {"fields": {"code": "A02", "name": "Lamigo\u6843\u733f", "URL": "http://www.lamigo-monkeys.com.tw/", "width_field": 991, "height_field": 1024, "Coach": "\u6d2a\u4e00\u4e2d", "date": "2003-11-30T16:00:00Z", "image": "./L_logo.png", "description": "2011\u5e74\u6b63\u503c\u4e2d\u83ef\u6c11\u570b\u5efa\u570b\u767e\u5e74\uff0c\u4e00\u652f\u5c6c\u65bc\u6843\u5712\u7684\u8077\u696d\u68d2\u7403\u968a\uff0dLamigo Monkeys\u8a95\u751f\u4e86\uff01La new\u96c6\u5718\u65bc2003\u5e7412\u670827\u65e5\uff0c\u63a5\u4e0b\u524d\u7b2c\u4e00\u91d1\u525b\u968a\u6210\u7acbLa new\u718a\u968a\uff0c2011\u5e74\u7403\u5b63\u66f4\u5c07\u4e3b\u5834\u79fb\u5230\u7403\u8ff7\u652f\u6301\u773e\u591a\u7684\u6843\u5712\u9752\u57d4\u570b\u969b\u68d2\u7403\u5834\uff0c\u66f4\u540d\u70ba\u300cLamigo Monkeys\u8077\u696d\u68d2\u7403\u968a\u300d\uff0c\u4ee5\u300c\u6843\u733f\u300d\u70ba\u4e2d\u6587\u540d\u5c55\u73fe\u5728\u5730\u5316\u7684\u6c7a\u5fc3\uff0c\u65b0\u7403\u670d\u66f4\u662f\u4ee5\u9ed1\u85cd\u7d05\u70ba\u4e3b\u7684\u5927\u81bd\u8a2d\u8a08\u3002\u5728\u7d93\u904e\u9663\u5bb9\u8abf\u6574\u5f8c\uff0c\u6230\u529b\u6539\u982d\u63db\u9762\u5225\u65bc\u4ee5\u5f80\uff0c\u6210\u70ba\u5e74\u8f15\u5316\u53c8\u5177\u6709\u901f\u5ea6\u7684Lamigo Monkeys\uff0c\u5e36\u9818\u6843\u5712\u7403\u8ff7\u5efa\u7acb\u8077\u68d2\u300c\u733f\u300d\u5e74\uff0c\u5171\u5275\u300c\u733f\u300d\u671d\uff01\r\n\r\nLamigo Monkeys\u7684\u8a95\u751f\u4e0d\u53ea\u662f\u7403\u968a\u66f4\u540d\uff0c\u66f4\u662f\u8c61\u5fb5\u7403\u968a\u7684\u518d\u9020\u5de5\u7a0b\u5df2\u81fb\u5b8c\u5099\uff0c\u5c0d\u6b64La new\u96c6\u5718\u8463\u4e8b\u9577\u5289\u4fdd\u4f51\u8868\u793a\uff1a\u300cLamigo\u5fae\u7b11\u4e8b\u696d\u9ad4\u5728\u5065\u5eb7\u4f11\u9592\u7522\u696d\u7684\u6295\u5165\u53ca\u8868\u73fe\u5df2\u7d93\u53d7\u5230\u8a31\u591a\u6d88\u8cbb\u8005\u7684\u80af\u5b9a\uff0c\u6211\u5011\u4eca\u5e74\u6b63\u5f0f\u5c07\u7403\u968a\u66f4\u540d\u70ba\u300eLamigo Monkeys \u6843\u733f\u968a\u300f\uff0c\u4e0d\u50c5\u5c07\u79c9\u6301\u5c0d\u8077\u68d2\u904b\u52d5\u7684\u5c08\u696d\u8207\u71b1\u8aa0\uff0c\u7a4d\u6975\u7d93\u71df\u6843\u5712\u5c6c\u5730\u7684\u516d\u7d1a\u68d2\u7403\uff0c\u63a8\u52d5\u6843\u5712\u5728\u5730\u5316\u7684\u7403\u8ff7\u670d\u52d9\uff0c\u4f7f\u7403\u8ff7\u91cd\u71c3\u5c0d\u68d2\u7403\u7684\u71b1\u60c5\uff0c\u4eab\u53d7\u5230Lamigo Monkeys\u6240\u5e36\u4f86\u5168\u65b0\u901f\u5ea6\u529b\uff0c\u66f4\u5e0c\u671b\u85c9\u7531\u7403\u968a\u62d3\u5c55Lamigo\u5fae\u7b11\u4e8b\u696d\u9ad4\u77e5\u540d\u5ea6\uff0c\u8b93\u66f4\u591a\u4eba\u8a8d\u8b58Lamigo\uff0c\u4e5f\u8b93\u66f4\u591a\u4eba\u5f9eLamigo\u5f97\u5230\u5065\u5eb7\u3001\u611f\u5230\u5e78\u798f\u3001\u958b\u62d3\u8996\u91ce\uff0c\u66f4\u5145\u6eff\u71b1\u60c5\uff01\u300d"}, "model": "team.team", "pk": 3}, {"fields": {"code": "B04", "name": "\u5bcc\u90a6\u608d\u5c07", "URL": "https://www.facebook.com/Fubon-Guardians-%E5%AF%8C%E9%82%A6%E6%82%8D%E5%B0%87%E6%A3%92%E7%90%83%E9%9A%8A-859254247543089/", "width_field": 600, "height_field": 372, "Coach": "\u8449\u541b\u748b", "date": "2016-10-31T16:00:00Z", "image": "./F_logo.jpg", "description": "\u5bcc\u90a6\u608d\u5c07\u662f\u4e00\u652f\u4e2d\u83ef\u8077\u68d2\u7403\u968a\uff0c\u7d93\u71df\u8005\u70ba\u5bcc\u90a6\u96c6\u5718\uff1b\u7d93\u71df\u4e8b\u696d\u9ad4\u70ba\u5bcc\u90a6\u80b2\u6a02\u4e8b\u696d\u80a1\u4efd\u6709\u9650\u516c\u53f8\uff0c\u524d\u8eab\u70ba\u7fa9\u8054\u96c6\u5718\u7d93\u71df\u7684\u7fa9\u5927\u7280\u725b\u3002\r\n\r\n\u5bcc\u90a6\u608d\u5c07\u968a\u82f1\u6587\u968a\u540d Guardians \u6709\u5b88\u8b77\u4e4b\u610f\uff0c\u5982\u540c\u5bcc\u90a6\u91d1\u63a7\uff0c\u4e00\u76f4\u4ee5\u4f86\u5b88\u8b77\u8457\u6bcf\u4e00\u4f4d\u5ba2\u6236\u3001\u54e1\u5de5\u53ca\u793e\u6703\u7684\u4f01\u696d\u7cbe\u795e\uff0c\u800c\u5b88\u8b77\u5fc5\u9808\u8981\u6709\u5f37\u608d\u7684\u80fd\u529b\uff0c\u300c\u608d\u5c07\u300d\u5373\u4ee3\u8868\u5bcc\u90a6\u540c\u4ec1\u5011\u9a4d\u52c7\u5584\u6230\uff0c\u653b\u7121\u4e0d\u514b\u7684\u5718\u968a\u6587\u5316\u3002\r\n\r\n\u6211\u5011\u671f\u8a31\u300c\u5bcc\u90a6\u608d\u5c07\u300d\u662f\u4e00\u652f\u653b\u5b88\u4ff1\u4f73\u7684\u7403\u968a\uff0c\u4e26\u8207\u300c\u5bcc\u90a6\u52c7\u58eb\u300d\u7c43\u7403\u968a\u76f8\u547c\u61c9\uff0c\u5728\u9032\u653b\u4e0a\u5c55\u73fe\u52c7\u731b\u3001\u5f37\u608d\u7684\u7403\u98a8\uff0c\u540c\u6642\u517c\u5177\u56fa\u82e5\u91d1\u6e6f\u7684\u7d30\u81a9\u5b88\u5099\uff0c\u50b3\u9054\u6bcd\u4f01\u696d\u5bcc\u90a6\u91d1\u63a7\u5b88\u8b77\u53f0\u7063\u68d2\u7403\uff0c\u63a8\u52d5\u904b\u52d5\u767c\u5c55\u7684\u6c7a\u5fc3\uff0c\u4ea6\u5f70\u986f\u5bcc\u90a6\u300c\u6b63\u5411\u7684\u529b\u91cf\u300d\u7684\u54c1\u724c\u7cbe\u795e\u3002"}, "model": "team.team", "pk": 4}, {"fields": {"Pitch_ER": 725, "Team_2_T": 0, "Team_2_W": 33, "code": "E02", "Defense_E": 134, "Team_1_L": 23, "Team_1_Waway": 19, "Team_2_Waway": 18, "Team_2_Taway": 0, "Team_1_G": 60, "Pitch_R": 839, "Team_2_G": 60, "Defense_PB": 14, "Pitch_H": 1399, "Hit_SAC": 36, "year": 2016, "Team_2_L": 27, "Team_1_Laway": 10, "Team_1_W": 35, "Team_1_T": 2, "Hit_R": 909, "Pitch_HR": 140, "Defense_A": 1302, "Defense_CS": 36, "Team_2_PCT": 0.55, "Team_1_Thome": 1, "Hit_HR": 169, "Defense_DP": 347, "Team_1_PCT": 0.603, "Hit_SB": 45, "Team_1_Taway": 1, "Pitch_BF": 4963, "Hit_SLG": 0.511, "Pitch_BK": 2, "Team_2_Thome": 0, "Hit_AVG": 0.328, "Hit_SO": 746, "Team_1_Whome": 16, "Team_2_Laway": 12, "Defense_PO": 3197, "Hit_RBI": 863, "Defense_TC": 4633, "Pitch_SO": 867, "Pitch_ERA": 6.12, "Hit_OBP": 0.397, "name": 1, "Defense_FPCT": 0.971, "Hit_G": 120, "Team_1_Lhome": 13, "Team_2_Lhome": 15, "Pitch_IP": 1065.2, "Hit_H": 1460, "Team_2_Whome": 15, "Hit_AB": 4455, "Pitch_WP": 68}, "model": "team.stat", "pk": 1}, {"fields": {"Pitch_ER": 591, "Team_2_T": 1, "Team_2_W": 36, "code": "E02", "Defense_E": 129, "Team_1_L": 33, "Team_1_Waway": 13, "Team_2_Waway": 18, "Team_2_Taway": 0, "Team_1_G": 60, "Pitch_R": 702, "Team_2_G": 60, "Defense_PB": 7, "Pitch_H": 1308, "Hit_SAC": 67, "year": 2015, "Team_2_L": 23, "Team_1_Laway": 17, "Team_1_W": 27, "Team_1_T": 0, "Hit_R": 684, "Pitch_HR": 121, "Defense_A": 1285, "Defense_CS": 31, "Team_2_PCT": 0.61, "Team_1_Thome": 0, "Hit_HR": 90, "Defense_DP": 384, "Team_1_PCT": 0.45, "Hit_SB": 67, "Team_1_Taway": 0, "Pitch_BF": 4799, "Hit_SLG": 0.426, "Pitch_BK": 4, "Team_2_Thome": 1, "Hit_AVG": 0.305, "Hit_SO": 703, "Team_1_Whome": 14, "Team_2_Laway": 12, "Defense_PO": 3191, "Hit_RBI": 632, "Defense_TC": 4605, "Pitch_SO": 710, "Pitch_ERA": 5.0, "Hit_OBP": 0.369, "name": 1, "Defense_FPCT": 0.972, "Hit_G": 120, "Team_1_Lhome": 16, "Team_2_Lhome": 11, "Pitch_IP": 1063.2, "Hit_H": 1308, "Team_2_Whome": 18, "Hit_AB": 4287, "Pitch_WP": 58}, "model": "team.stat", "pk": 2}, {"fields": {"Pitch_ER": 714, "Team_2_T": 0, "Team_2_W": 26, "code": "L01", "Defense_E": 140, "Team_1_L": 31, "Team_1_Waway": 13, "Team_2_Waway": 15, "Team_2_Taway": 0, "Team_1_G": 60, "Pitch_R": 838, "Team_2_G": 60, "Defense_PB": 6, "Pitch_H": 1372, "Hit_SAC": 20, "year": 2016, "Team_2_L": 34, "Team_1_Laway": 17, "Team_1_W": 29, "Team_1_T": 0, "Hit_R": 777, "Pitch_HR": 155, "Defense_A": 1216, "Defense_CS": 28, "Team_2_PCT": 0.433, "Team_1_Thome": 0, "Hit_HR": 145, "Defense_DP": 315, "Team_1_PCT": 0.483, "Hit_SB": 69, "Team_1_Taway": 0, "Pitch_BF": 4947, "Hit_SLG": 0.46, "Pitch_BK": 1, "Team_2_Thome": 0, "Hit_AVG": 0.297, "Hit_SO": 939, "Team_1_Whome": 16, "Team_2_Laway": 15, "Defense_PO": 3162, "Hit_RBI": 730, "Defense_TC": 4518, "Pitch_SO": 831, "Pitch_ERA": 6.1, "Hit_OBP": 0.367, "name": 2, "Defense_FPCT": 0.969, "Hit_G": 120, "Team_1_Lhome": 13, "Team_2_Lhome": 19, "Pitch_IP": 1054.0, "Hit_H": 1282, "Team_2_Whome": 11, "Hit_AB": 4310, "Pitch_WP": 54}, "model": "team.stat", "pk": 3}, {"fields": {"Pitch_ER": 745, "Team_2_T": 1, "Team_2_W": 26, "code": "A02", "Defense_E": 114, "Team_1_L": 31, "Team_1_Waway": 17, "Team_2_Waway": 11, "Team_2_Taway": 1, "Team_1_G": 60, "Pitch_R": 844, "Team_2_G": 60, "Defense_PB": 7, "Pitch_H": 1380, "Hit_SAC": 25, "year": 2016, "Team_2_L": 33, "Team_1_Laway": 12, "Team_1_W": 27, "Team_1_T": 2, "Hit_R": 810, "Pitch_HR": 149, "Defense_A": 1248, "Defense_CS": 35, "Team_2_PCT": 0.441, "Team_1_Thome": 1, "Hit_HR": 158, "Defense_DP": 279, "Team_1_PCT": 0.466, "Hit_SB": 136, "Team_1_Taway": 1, "Pitch_BF": 5037, "Hit_SLG": 0.483, "Pitch_BK": 4, "Team_2_Thome": 0, "Hit_AVG": 0.31, "Hit_SO": 825, "Team_1_Whome": 10, "Team_2_Laway": 18, "Defense_PO": 3213, "Hit_RBI": 760, "Defense_TC": 4575, "Pitch_SO": 843, "Pitch_ERA": 6.26, "Hit_OBP": 0.375, "name": 3, "Defense_FPCT": 0.975, "Hit_G": 120, "Team_1_Lhome": 19, "Team_2_Lhome": 15, "Pitch_IP": 1071.0, "Hit_H": 1364, "Team_2_Whome": 15, "Hit_AB": 4403, "Pitch_WP": 69}, "model": "team.stat", "pk": 4}, {"fields": {"Pitch_ER": 0, "Team_2_T": 0, "Team_2_W": 0, "code": "B04", "Defense_E": 0, "Team_1_L": 0, "Team_1_Waway": 0, "Team_2_Waway": 0, "Team_2_Taway": 0, "Team_1_G": 0, "Pitch_R": 0, "Team_2_G": 0, "Defense_PB": 0, "Pitch_H": 0, "Hit_SAC": 0, "year": 2016, "Team_2_L": 0, "Team_1_Laway": 0, "Team_1_W": 0, "Team_1_T": 0, "Hit_R": 0, "Pitch_HR": 0, "Defense_A": 0, "Defense_CS": 0, "Team_2_PCT": 0.0, "Team_1_Thome": 0, "Hit_HR": 0, "Defense_DP": 0, "Team_1_PCT": 0.0, "Hit_SB": 0, "Team_1_Taway": 0, "Pitch_BF": 0, "Hit_SLG": 0.0, "Pitch_BK": 0, "Team_2_Thome": 0, "Hit_AVG": 0.0, "Hit_SO": 0, "Team_1_Whome": 0, "Team_2_Laway": 0, "Defense_PO": 0, "Hit_RBI": 0, "Defense_TC": 0, "Pitch_SO": 0, "Pitch_ERA": 0.0, "Hit_OBP": 0.0, "name": 4, "Defense_FPCT": 0.0, "Hit_G": 0, "Team_1_Lhome": 0, "Team_2_Lhome": 0, "Pitch_IP": 0.0, "Hit_H": 0, "Team_2_Whome": 0, "Hit_AB": 0, "Pitch_WP": 0}, "model": "team.stat", "pk": 5}, {"fields": {"Pitch_ER": 422, "Team_2_T": 3, "Team_2_W": 31, "code": "E02", "Defense_E": 97, "Team_1_L": 40, "Team_1_Waway": 6, "Team_2_Waway": 14, "Team_2_Taway": 2, "Team_1_G": 60, "Pitch_R": 491, "Team_2_G": 60, "Defense_PB": 6, "Pitch_H": 1078, "Hit_SAC": 85, "year": 2014, "Team_2_L": 26, "Team_1_Laway": 24, "Team_1_W": 19, "Team_1_T": 1, "Hit_R": 476, "Pitch_HR": 48, "Defense_A": 1263, "Defense_CS": 27, "Team_2_PCT": 0.544, "Team_1_Thome": 1, "Hit_HR": 52, "Defense_DP": 347, "Team_1_PCT": 0.322, "Hit_SB": 113, "Team_1_Taway": 0, "Pitch_BF": 4525, "Hit_SLG": 0.364, "Pitch_BK": 1, "Team_2_Thome": 1, "Hit_AVG": 0.267, "Hit_SO": 663, "Team_1_Whome": 13, "Team_2_Laway": 14, "Defense_PO": 3175, "Hit_RBI": 430, "Defense_TC": 4535, "Pitch_SO": 674, "Pitch_ERA": 3.59, "Hit_OBP": 0.327, "name": 1, "Defense_FPCT": 0.979, "Hit_G": 120, "Team_1_Lhome": 16, "Team_2_Lhome": 12, "Pitch_IP": 1058.1, "Hit_H": 1083, "Team_2_Whome": 17, "Hit_AB": 4050, "Pitch_WP": 56}, "model": "team.stat", "pk": 6}, {"fields": {"Pitch_ER": 602, "Team_2_T": 1, "Team_2_W": 23, "code": "L01", "Defense_E": 123, "Team_1_L": 33, "Team_1_Waway": 12, "Team_2_Waway": 7, "Team_2_Taway": 1, "Team_1_G": 60, "Pitch_R": 713, "Team_2_G": 60, "Defense_PB": 9, "Pitch_H": 1237, "Hit_SAC": 40, "year": 2015, "Team_2_L": 36, "Team_1_Laway": 18, "Team_1_W": 26, "Team_1_T": 1, "Hit_R": 630, "Pitch_HR": 110, "Defense_A": 1249, "Defense_CS": 35, "Team_2_PCT": 0.39, "Team_1_Thome": 1, "Hit_HR": 98, "Defense_DP": 290, "Team_1_PCT": 0.441, "Hit_SB": 91, "Team_1_Taway": 0, "Pitch_BF": 4835, "Hit_SLG": 0.406, "Pitch_BK": 5, "Team_2_Thome": 0, "Hit_AVG": 0.283, "Hit_SO": 822, "Team_1_Whome": 14, "Team_2_Laway": 22, "Defense_PO": 3182, "Hit_RBI": 585, "Defense_TC": 4554, "Pitch_SO": 699, "Pitch_ERA": 5.11, "Hit_OBP": 0.344, "name": 2, "Defense_FPCT": 0.973, "Hit_G": 120, "Team_1_Lhome": 15, "Team_2_Lhome": 14, "Pitch_IP": 1060.1, "Hit_H": 1196, "Team_2_Whome": 16, "Hit_AB": 4232, "Pitch_WP": 68}, "model": "team.stat", "pk": 7}, {"fields": {"Pitch_ER": 446, "Team_2_T": 3, "Team_2_W": 26, "code": "L01", "Defense_E": 111, "Team_1_L": 24, "Team_1_Waway": 16, "Team_2_Waway": 12, "Team_2_Taway": 1, "Team_1_G": 60, "Pitch_R": 537, "Team_2_G": 60, "Defense_PB": 9, "Pitch_H": 1180, "Hit_SAC": 35, "year": 2014, "Team_2_L": 31, "Team_1_Laway": 12, "Team_1_W": 32, "Team_1_T": 4, "Hit_R": 520, "Pitch_HR": 57, "Defense_A": 1364, "Defense_CS": 35, "Team_2_PCT": 0.456, "Team_1_Thome": 2, "Hit_HR": 55, "Defense_DP": 370, "Team_1_PCT": 0.571, "Hit_SB": 89, "Team_1_Taway": 2, "Pitch_BF": 4670, "Hit_SLG": 0.356, "Pitch_BK": 0, "Team_2_Thome": 2, "Hit_AVG": 0.262, "Hit_SO": 820, "Team_1_Whome": 16, "Team_2_Laway": 17, "Defense_PO": 3230, "Hit_RBI": 479, "Defense_TC": 4705, "Pitch_SO": 622, "Pitch_ERA": 3.73, "Hit_OBP": 0.324, "name": 2, "Defense_FPCT": 0.976, "Hit_G": 120, "Team_1_Lhome": 12, "Team_2_Lhome": 14, "Pitch_IP": 1076.2, "Hit_H": 1079, "Team_2_Whome": 14, "Hit_AB": 4115, "Pitch_WP": 48}, "model": "team.stat", "pk": 8}, {"fields": {"Pitch_ER": 424, "Team_2_T": 2, "Team_2_W": 32, "code": "L01", "Defense_E": 118, "Team_1_L": 29, "Team_1_Waway": 15, "Team_2_Waway": 12, "Team_2_Taway": 1, "Team_1_G": 60, "Pitch_R": 528, "Team_2_G": 60, "Defense_PB": 12, "Pitch_H": 1170, "Hit_SAC": 35, "year": 2013, "Team_2_L": 26, "Team_1_Laway": 15, "Team_1_W": 30, "Team_1_T": 1, "Hit_R": 597, "Pitch_HR": 44, "Defense_A": 1366, "Defense_CS": 37, "Team_2_PCT": 0.552, "Team_1_Thome": 1, "Hit_HR": 63, "Defense_DP": 344, "Team_1_PCT": 0.508, "Hit_SB": 90, "Team_1_Taway": 0, "Pitch_BF": 4639, "Hit_SLG": 0.387, "Pitch_BK": 1, "Team_2_Thome": 1, "Hit_AVG": 0.284, "Hit_SO": 659, "Team_1_Whome": 15, "Team_2_Laway": 17, "Defense_PO": 3169, "Hit_RBI": 556, "Defense_TC": 4653, "Pitch_SO": 602, "Pitch_ERA": 3.61, "Hit_OBP": 0.342, "name": 2, "Defense_FPCT": 0.975, "Hit_G": 120, "Team_1_Lhome": 14, "Team_2_Lhome": 9, "Pitch_IP": 1056.0, "Hit_H": 1190, "Team_2_Whome": 20, "Hit_AB": 4189, "Pitch_WP": 51}, "model": "team.stat", "pk": 9}, {"fields": {"Pitch_ER": 433, "Team_2_T": 0, "Team_2_W": 29, "code": "E02", "Defense_E": 111, "Team_1_L": 34, "Team_1_Waway": 15, "Team_2_Waway": 15, "Team_2_Taway": 0, "Team_1_G": 60, "Pitch_R": 513, "Team_2_G": 60, "Defense_PB": 10, "Pitch_H": 1118, "Hit_SAC": 92, "year": 2013, "Team_2_L": 31, "Team_1_Laway": 15, "Team_1_W": 26, "Team_1_T": 0, "Hit_R": 475, "Pitch_HR": 57, "Defense_A": 1289, "Defense_CS": 39, "Team_2_PCT": 0.483, "Team_1_Thome": 0, "Hit_HR": 34, "Defense_DP": 314, "Team_1_PCT": 0.433, "Hit_SB": 107, "Team_1_Taway": 0, "Pitch_BF": 4617, "Hit_SLG": 0.346, "Pitch_BK": 2, "Team_2_Thome": 0, "Hit_AVG": 0.268, "Hit_SO": 689, "Team_1_Whome": 11, "Team_2_Laway": 15, "Defense_PO": 3198, "Hit_RBI": 429, "Defense_TC": 4598, "Pitch_SO": 683, "Pitch_ERA": 3.66, "Hit_OBP": 0.325, "name": 1, "Defense_FPCT": 0.976, "Hit_G": 120, "Team_1_Lhome": 19, "Team_2_Lhome": 16, "Pitch_IP": 1066.0, "Hit_H": 1100, "Team_2_Whome": 14, "Hit_AB": 4098, "Pitch_WP": 45}, "model": "team.stat", "pk": 10}, {"fields": {"topic": 2, "mark_time": "2017-04-26T15:25:23.260Z", "user": 6}, "model": "forum_tracking.topicreadtrack", "pk": 9}, {"fields": {"mark_time": "2017-05-03T08:35:21.766Z", "user": 1, "forum": 1}, "model": "forum_tracking.forumreadtrack", "pk": 1}, {"fields": {"mark_time": "2017-04-27T02:32:06.219Z", "user": 2, "forum": 1}, "model": "forum_tracking.forumreadtrack", "pk": 2}, {"fields": {"timestamp": "2017-04-05T14:37:31.269Z", "anonymous_key": null, "voter": 1, "poll_option": 1}, "model": "forum_polls.topicpollvote", "pk": 1}, {"fields": {"_signature_rendered": "<p></p>", "posts_count": 8, "signature": "", "user": 1, "avatar": "machina/avatar_images/17820722_120300003023514721_1203365470_o_6AdoK99.png"}, "model": "forum_member.forumprofile", "pk": 1}, {"fields": {"_signature_rendered": "<p></p>", "posts_count": 2, "signature": "", "user": 2, "avatar": "machina/avatar_images/cd73938d0a53f7c6451e6e354ec732e0.png"}, "model": "forum_member.forumprofile", "pk": 2}, {"fields": {"_signature_rendered": "<p></p>", "posts_count": 1, "signature": "", "user": 6, "avatar": "machina/avatar_images/2205fd437859fe36400fb9ca6db256310_mvUmGPE.png"}, "model": "forum_member.forumprofile", "pk": 3}, {"fields": {"username": null, "content": "i think elephant won't win", "updated": "2017-04-05T14:18:30.052Z", "poster_ip": "223.140.137.206", "updated_by": null, "created": "2017-04-05T14:18:30.052Z", "poster": 1, "_content_rendered": "<p>i think elephant won't win</p>", "topic": 1, "anonymous_key": null, "updates_count": 0, "update_reason": null, "approved": true, "enable_signature": true, "subject": "I don't think so "}, "model": "forum_conversation.post", "pk": 1}, {"fields": {"username": null, "content": "elephant will win!!!!!", "updated": "2017-04-05T14:19:19.890Z", "poster_ip": "223.140.137.206", "updated_by": null, "created": "2017-04-05T14:19:19.890Z", "poster": 1, "_content_rendered": "<p>elephant will win!!!!!</p>", "topic": 2, "anonymous_key": null, "updates_count": 0, "update_reason": null, "approved": true, "enable_signature": true, "subject": "WHAT!!!!!"}, "model": "forum_conversation.post", "pk": 2}, {"fields": {"username": null, "content": "What!!!! the XXXXXX", "updated": "2017-04-05T14:21:53.494Z", "poster_ip": "223.140.137.206", "updated_by": null, "created": "2017-04-05T14:21:53.494Z", "poster": 1, "_content_rendered": "<p>What!!!! the XXXXXX</p>", "topic": 3, "anonymous_key": null, "updates_count": 0, "update_reason": null, "approved": true, "enable_signature": true, "subject": "Yeahh~~~~~"}, "model": "forum_conversation.post", "pk": 3}, {"fields": {"username": null, "content": "Don't cheat!!!!", "updated": "2017-04-05T14:23:23.022Z", "poster_ip": "223.140.137.206", "updated_by": null, "created": "2017-04-05T14:23:23.022Z", "poster": 1, "_content_rendered": "<p>Don't cheat!!!!</p>", "topic": 4, "anonymous_key": null, "updates_count": 0, "update_reason": null, "approved": true, "enable_signature": true, "subject": "ANNOUNCEMENT!!!!!!"}, "model": "forum_conversation.post", "pk": 4}, {"fields": {"username": null, "content": "WHAT it's my favorite", "updated": "2017-04-05T14:24:44.133Z", "poster_ip": "223.140.137.206", "updated_by": null, "created": "2017-04-05T14:24:44.133Z", "poster": 1, "_content_rendered": "<p>WHAT it's my favorite</p>", "topic": 5, "anonymous_key": null, "updates_count": 0, "update_reason": null, "approved": true, "enable_signature": true, "subject": "I love elephant"}, "model": "forum_conversation.post", "pk": 5}, {"fields": {"username": null, "content": "mother XXXXXXXXXXX!!!!!!!!!!!!!!!", "updated": "2017-04-05T14:33:00.277Z", "poster_ip": "223.140.137.206", "updated_by": 1, "created": "2017-04-05T14:32:03.482Z", "poster": 1, "_content_rendered": "<p>mother XXXXXXXXXXX!!!!!!!!!!!!!!!</p>", "topic": 6, "anonymous_key": null, "updates_count": 1, "update_reason": "", "approved": true, "enable_signature": true, "subject": "IT's end of the world"}, "model": "forum_conversation.post", "pk": 6}, {"fields": {"username": null, "content": "WHat!!! HOw embarassed!!!!!", "updated": "2017-04-05T14:32:36.097Z", "poster_ip": "223.140.137.206", "updated_by": null, "created": "2017-04-05T14:32:36.097Z", "poster": 1, "_content_rendered": "<p>WHat!!! HOw embarassed!!!!!</p>", "topic": 6, "anonymous_key": null, "updates_count": 0, "update_reason": null, "approved": true, "enable_signature": true, "subject": "Re: IT end of the world"}, "model": "forum_conversation.post", "pk": 7}, {"fields": {"username": null, "content": "who will win ????", "updated": "2017-04-05T14:37:15.146Z", "poster_ip": "223.140.137.206", "updated_by": null, "created": "2017-04-05T14:37:15.146Z", "poster": 1, "_content_rendered": "<p>who will win ????</p>", "topic": 7, "anonymous_key": null, "updates_count": 0, "update_reason": null, "approved": true, "enable_signature": true, "subject": "4/12 Lion VS ELEPHANT"}, "model": "forum_conversation.post", "pk": 8}, {"fields": {"username": null, "content": "treeeeeeeeeeeeeeeeeeeeeeeeeeeeeeeeeeeee", "updated": "2017-04-26T15:25:22.943Z", "poster_ip": "127.0.0.1", "updated_by": null, "created": "2017-04-26T15:25:22.943Z", "poster": 6, "_content_rendered": "<p>treeeeeeeeeeeeeeeeeeeeeeeeeeeeeeeeeeeee</p>", "topic": 2, "anonymous_key": null, "updates_count": 0, "update_reason": null, "approved": true, "enable_signature": true, "subject": "Re: WHAT!!!!!"}, "model": "forum_conversation.post", "pk": 9}, {"fields": {"username": null, "content": "abcccccccccccccccccccccccccccccccccccccc", "updated": "2017-04-26T15:54:41.562Z", "poster_ip": "114.45.200.16", "updated_by": null, "created": "2017-04-26T15:54:41.562Z", "poster": 2, "_content_rendered": "<p>abcccccccccccccccccccccccccccccccccccccc</p>", "topic": 2, "anonymous_key": null, "updates_count": 0, "update_reason": null, "approved": true, "enable_signature": true, "subject": "Re: WHAT!!!!!"}, "model": "forum_conversation.post", "pk": 10}, {"fields": {"username": null, "content": "\u310e\u3120ldsklksl", "updated": "2017-04-27T01:56:42.847Z", "poster_ip": "140.119.121.6", "updated_by": null, "created": "2017-04-27T01:56:42.847Z", "poster": 2, "_content_rendered": "<p>\u310e\u3120ldsklksl</p>", "topic": 8, "anonymous_key": null, "updates_count": 0, "update_reason": null, "approved": true, "enable_signature": true, "subject": "\u660e\u5929\u91cd\u8981\uff5e\uff5e\uff01\uff01"}, "model": "forum_conversation.post", "pk": 11}, {"fields": {"status": 0, "updated": "2017-04-05T14:18:30.148Z", "views_count": 6, "forum": 1, "created": "2017-04-05T14:18:29.730Z", "poster": 1, "approved": true, "last_post": 1, "subscribers": [], "posts_count": 1, "last_post_on": "2017-04-05T14:18:30.052Z", "type": 0, "slug": "i-dont-think-so", "first_post": 1, "subject": "I don't think so "}, "model": "forum_conversation.topic", "pk": 1}, {"fields": {"status": 0, "updated": "2017-04-26T15:54:41.658Z", "views_count": 20, "forum": 1, "created": "2017-04-05T14:19:19.536Z", "poster": 1, "approved": true, "last_post": 10, "subscribers": [], "posts_count": 3, "last_post_on": "2017-04-26T15:54:41.562Z", "type": 1, "slug": "what", "first_post": 2, "subject": "WHAT!!!!!"}, "model": "forum_conversation.topic", "pk": 2}, {"fields": {"status": 0, "updated": "2017-04-05T14:21:53.689Z", "views_count": 3, "forum": 1, "created": "2017-04-05T14:21:53.281Z", "poster": 1, "approved": true, "last_post": 3, "subscribers": [], "posts_count": 1, "last_post_on": "2017-04-05T14:21:53.494Z", "type": 0, "slug": "yeahh", "first_post": 3, "subject": "Yeahh~~~~~"}, "model": "forum_conversation.topic", "pk": 3}, {"fields": {"status": 0, "updated": "2017-04-05T14:23:23.192Z", "views_count": 13, "forum": 1, "created": "2017-04-05T14:23:22.680Z", "poster": 1, "approved": true, "last_post": 4, "subscribers": [1], "posts_count": 1, "last_post_on": "2017-04-05T14:23:23.022Z", "type": 2, "slug": "announcement", "first_post": 4, "subject": "ANNOUNCEMENT!!!!!!"}, "model": "forum_conversation.topic", "pk": 4}, {"fields": {"status": 0, "updated": "2017-04-05T14:24:44.313Z", "views_count": 4, "forum": 1, "created": "2017-04-05T14:24:43.876Z", "poster": 1, "approved": true, "last_post": 5, "subscribers": [], "posts_count": 1, "last_post_on": "2017-04-05T14:24:44.133Z", "type": 0, "slug": "i-love-elephant", "first_post": 5, "subject": "I love elephant"}, "model": "forum_conversation.topic", "pk": 5}, {"fields": {"status": 0, "updated": "2017-04-05T14:33:00.367Z", "views_count": 10, "forum": 1, "created": "2017-04-05T14:32:03.245Z", "poster": 1, "approved": true, "last_post": 7, "subscribers": [1], "posts_count": 2, "last_post_on": "2017-04-05T14:32:36.097Z", "type": 0, "slug": "it-end-of-the-world", "first_post": 6, "subject": "IT's end of the world"}, "model": "forum_conversation.topic", "pk": 6}, {"fields": {"status": 0, "updated": "2017-04-05T14:37:15.312Z", "views_count": 13, "forum": 1, "created": "2017-04-05T14:37:14.796Z", "poster": 1, "approved": true, "last_post": 8, "subscribers": [], "posts_count": 1, "last_post_on": "2017-04-05T14:37:15.146Z", "type": 0, "slug": "412-lion-vs-elephant", "first_post": 8, "subject": "4/12 Lion VS ELEPHANT"}, "model": "forum_conversation.topic", "pk": 7}, {"fields": {"status": 0, "updated": "2017-04-27T01:56:42.942Z", "views_count": 9, "forum": 1, "created": "2017-04-27T01:56:42.637Z", "poster": 2, "approved": true, "last_post": 11, "subscribers": [], "posts_count": 1, "last_post_on": "2017-04-27T01:56:42.847Z", "type": 1, "slug": "\u660e\u5929\u91cd\u8981", "first_post": 11, "subject": "\u660e\u5929\u91cd\u8981\uff5e\uff5e\uff01\uff01"}, "model": "forum_conversation.topic", "pk": 8}, {"fields": {"buyer": 2, "cost": 1, "buy_for": "lp", "create_date": "2017-04-27T02:58:06.922Z", "buy_note": 24}, "model": "customer2.purchaserecord", "pk": 16}, {"fields": {"wpd_num": 5, "create_date": "2017-04-27T02:57:44.469Z", "betting": 4, "lp_team": true, "choice_team": true, "user": 1, "b_or_s": true, "nlp_team": false}, "model": "customer2.fakenote", "pk": 24}, {"fields": {"wpd_num": 5, "create_date": "2017-05-03T19:11:44.833Z", "betting": 5, "lp_team": true, "choice_team": false, "user": 1, "b_or_s": true, "nlp_team": false}, "model": "customer2.fakenote", "pk": 25}, {"fields": {"verified": false, "user": 1, "primary": true, "email": "lavender15963j@gmail.com"}, "model": "account.emailaddress", "pk": 1}, {"fields": {"verified": true, "user": 2, "primary": true, "email": "103306029@nccu.edu.tw"}, "model": "account.emailaddress", "pk": 2}, {"fields": {"verified": false, "user": 3, "primary": true, "email": "abcde176@wxyz.com"}, "model": "account.emailaddress", "pk": 3}, {"fields": {"verified": true, "user": 4, "primary": true, "email": "greg850820@gmail.com"}, "model": "account.emailaddress", "pk": 4}, {"fields": {"verified": false, "user": 5, "primary": true, "email": "sad@yahoo.com.tw"}, "model": "account.emailaddress", "pk": 5}, {"fields": {"verified": false, "user": 6, "primary": true, "email": "test3@gmail.com"}, "model": "account.emailaddress", "pk": 6}, {"fields": {"timezone": "", "user": 1, "language": "zh-hant"}, "model": "account.account", "pk": 1}, {"fields": {"timezone": "", "user": 2, "language": "zh-tw"}, "model": "account.account", "pk": 2}, {"fields": {"timezone": "", "user": 3, "language": "zh-tw"}, "model": "account.account", "pk": 3}, {"fields": {"timezone": "", "user": 4, "language": "zh-tw"}, "model": "account.account", "pk": 4}, {"fields": {"timezone": "", "user": 5, "language": "zh-hant"}, "model": "account.account", "pk": 5}, {"fields": {"timezone": "", "user": 6, "language": "zh-tw"}, "model": "account.account", "pk": 6}]